"location","motivation"
"Europe","Wellness"
"Europe","Wellness"
"Europe","Wellness"
"Europe","Wellness"
"Europe","Wellness"
"Europe","Wellness"
"Europe","Wellness"
"Europe","Wellness"
"Europe","Wellness"
"Europe","Wellness"
"Europe","Wellness"
"Europe","Wellness"
"Europe","Wellness"
"Europe","Wellness"
"Europe","Wellness"
"Europe","Wellness"
"Europe","Wellness"
"Europe","Wellness"
"Europe","Wellness"
"Europe","Wellness"
"Europe","Wellness"
"Europe","Wellness"
"Europe","Wellness"
"Europe","Prevention"
"Europe","Prevention"
"Europe","Prevention"
"Europe","Prevention"
"Europe","Prevention"
"Europe","Prevention"
"Europe","Prevention"
"Europe","Prevention"
"Europe","Prevention"
"Europe","Prevention"
"Europe","Prevention"
"Europe","Prevention"
"Europe","Prevention"
"Europe","Prevention"
"Europe","Prevention"
"Europe","Prevention"
"Europe","Prevention"
"Europe","Prevention"
"Europe","Prevention"
"Europe","Prevention"
"Europe","Prevention"
"Europe","Prevention"
"Europe","Prevention"
"Europe","Prevention"
"Europe","Prevention"
"Europe","Prevention"
"Europe","Prevention"
"Europe","Prevention"
"Europe","At Risk"
"Europe","At Risk"
"Europe","At Risk"
"Europe","At Risk"
"Europe","At Risk"
"Europe","At Risk"
"Europe","At Risk"
"Europe","At Risk"
"Europe","At Risk"
"Europe","At Risk"
"Europe","At Risk"
"Europe","At Risk"
"Europe","At Risk"
"Europe","At Risk"
"Europe","At Risk"
"Europe","At Risk"
"Europe","At Risk"
"Europe","At Risk"
"Europe","At Risk"
"Europe","At Risk"
"Europe","At Risk"
"Europe","At Risk"
"Europe","At Risk"
"Europe","At Risk"
"Europe","At Risk"
"Europe","At Risk"
"Europe","At Risk"
"Europe","At Risk"
"Europe","At Risk"
"Europe","At Risk"
"Europe","At Risk"
"Europe","At Risk"
"Europe","At Risk"
"Europe","At Risk"
"Europe","At Risk"
"Europe","At Risk"
"Europe","At Risk"
"Europe","At Risk"
"Europe","At Risk"
"Europe","At Risk"
"Europe","At Risk"
"Europe","At Risk"
"Europe","At Risk"
"Europe","At Risk"
"Europe","At Risk"
"Europe","At Risk"
"Europe","At Risk"
"Europe","At Risk"
"Europe","At Risk"
"Europe","At Risk"
"Europe","At Risk"
"Europe","At Risk"
"Europe","At Risk"
"Europe","At Risk"
"Europe","At Risk"
"Europe","At Risk"
"Europe","At Risk"
"Europe","At Risk"
"Europe","At Risk"
"Europe","Sick Role"
"Europe","Sick Role"
"Europe","Sick Role"
"Europe","Sick Role"
"Europe","Sick Role"
"Europe","Sick Role"
"Europe","Sick Role"
"Europe","Sick Role"
"Europe","Sick Role"
"Europe","Sick Role"
"Europe","Sick Role"
"Europe","Sick Role"
"Europe","Sick Role"
"Europe","Sick Role"
"Europe","Sick Role"
"Europe","Sick Role"
"Europe","Sick Role"
"Europe","Sick Role"
"Europe","Sick Role"
"Europe","Sick Role"
"Europe","Sick Role"
"Europe","Sick Role"
"Europe","Sick Role"
"Europe","Sick Role"
"Europe","Sick Role"
"Europe","Sick Role"
"Europe","Sick Role"
"Europe","Sick Role"
"Europe","Sick Role"
"Europe","Sick Role"
"Europe","Sick Role"
"Europe","Sick Role"
"Europe","Sick Role"
"Europe","Sick Role"
"Europe","Sick Role"
"Europe","Sick Role"
"Europe","Sick Role"
"Europe","Sick Role"
"Europe","Sick Role"
"Europe","Sick Role"
"Europe","Sick Role"
"Europe","Sick Role"
"Europe","Sick Role"
"Europe","Sick Role"
"Europe","Sick Role"
"Europe","Sick Role"
"Europe","Sick Role"
"Europe","Sick Role"
"Europe","Sick Role"
"Europe","Sick Role"
"Europe","Sick Role"
"Europe","Sick Role"
"Europe","Sick Role"
"Europe","Sick Role"
"Europe","Sick Role"
"Europe","Sick Role"
"Europe","Sick Role"
"Europe","Sick Role"
"Europe","Sick Role"
"Europe","Sick Role"
"Europe","Sick Role"
"Europe","Sick Role"
"Europe","Sick Role"
"Europe","Sick Role"
"Europe","Sick Role"
"Europe","Sick Role"
"Europe","Sick Role"
"Europe","Sick Role"
"Europe","Sick Role"
"Europe","Sick Role"
"Europe","Sick Role"
"Europe","Sick Role"
"Europe","Sick Role"
"Europe","Sick Role"
"Europe","Sick Role"
"Europe","Sick Role"
"Europe","Sick Role"
"Europe","Self Care"
"Europe","Self Care"
"Europe","Self Care"
"Europe","Self Care"
"Europe","Self Care"
"Europe","Self Care"
"Europe","Self Care"
"Europe","Self Care"
"Europe","Self Care"
"Europe","Self Care"
"Europe","Self Care"
"Europe","Self Care"
"Europe","Self Care"
"Europe","Self Care"
"Europe","Self Care"
"Europe","Self Care"
"Europe","Self Care"
"Europe","Self Care"
"Europe","Self Care"
"Europe","Self Care"
"Europe","Self Care"
"Europe","Self Care"
"Europe","Self Care"
"Europe","Self Care"
"Europe","Self Care"
"Europe","Self Care"
"Europe","Self Care"
"Europe","Self Care"
"Europe","Self Care"
"Europe","Self Care"
"Europe","Self Care"
"Europe","Self Care"
"Europe","Self Care"
"Europe","Self Care"
"Europe","Self Care"
"Europe","Self Care"
"Europe","Self Care"
"Europe","Self Care"
"Europe","Self Care"
"Europe","Self Care"
"Europe","Self Care"
"Europe","Self Care"
"Europe","Self Care"
"Europe","Self Care"
"Europe","Self Care"
"Europe","Self Care"
"Europe","Self Care"
"Europe","Self Care"
"Europe","Self Care"
"Europe","Self Care"
"Europe","Self Care"
"Europe","Self Care"
"Europe","Self Care"
"Europe","Self Care"
"Europe","Self Care"
"Europe","Self Care"
"Europe","Self Care"
"Europe","Self Care"
"Europe","Self Care"
"Europe","Self Care"
"Europe","Self Care"
"Europe","Self Care"
"Europe","Self Care"
"Europe","Self Care"
"Europe","Self Care"
"Europe","Self Care"
"Europe","Self Care"
"Europe","Self Care"
"Europe","Self Care"
"Europe","Self Care"
"Europe","Self Care"
"Europe","Self Care"
"Europe","Self Care"
"Europe","Self Care"
"Europe","Self Care"
"Europe","Self Care"
"Europe","Self Care"
"Europe","Self Care"
"Europe","Self Care"
"Europe","Self Care"
"Europe","Self Care"
"Europe","Self Care"
"Europe","Self Care"
"Europe","Self Care"
"Europe","Self Care"
"Europe","Self Care"
"Europe","Self Care"
"Europe","Self Care"
"Europe","Self Care"
"Europe","Self Care"
"Europe","Self Care"
"Europe","Self Care"
"Europe","Self Care"
"Europe","Self Care"
"Europe","Self Care"
"Australia","Wellness"
"Australia","Wellness"
"Australia","Wellness"
"Australia","Wellness"
"Australia","Wellness"
"Australia","Wellness"
"Australia","Wellness"
"Australia","Wellness"
"Australia","Wellness"
"Australia","Wellness"
"Australia","Wellness"
"Australia","Wellness"
"Australia","Wellness"
"Australia","Wellness"
"Australia","Wellness"
"Australia","Wellness"
"Australia","Wellness"
"Australia","Wellness"
"Australia","Wellness"
"Australia","Wellness"
"Australia","Wellness"
"Australia","Wellness"
"Australia","Wellness"
"Australia","Wellness"
"Australia","Wellness"
"Australia","Wellness"
"Australia","Wellness"
"Australia","Wellness"
"Australia","Wellness"
"Australia","Wellness"
"Australia","Wellness"
"Australia","Wellness"
"Australia","Wellness"
"Australia","Wellness"
"Australia","Wellness"
"Australia","Wellness"
"Australia","Wellness"
"Australia","Wellness"
"Australia","Wellness"
"Australia","Wellness"
"Australia","Wellness"
"Australia","Wellness"
"Australia","Wellness"
"Australia","Wellness"
"Australia","Wellness"
"Australia","Wellness"
"Australia","Wellness"
"Australia","Wellness"
"Australia","Wellness"
"Australia","Wellness"
"Australia","Wellness"
"Australia","Wellness"
"Australia","Wellness"
"Australia","Wellness"
"Australia","Wellness"
"Australia","Wellness"
"Australia","Wellness"
"Australia","Wellness"
"Australia","Wellness"
"Australia","Wellness"
"Australia","Wellness"
"Australia","Wellness"
"Australia","Wellness"
"Australia","Wellness"
"Australia","Wellness"
"Australia","Wellness"
"Australia","Wellness"
"Australia","Wellness"
"Australia","Wellness"
"Australia","Wellness"
"Australia","Wellness"
"Australia","Prevention"
"Australia","Prevention"
"Australia","Prevention"
"Australia","Prevention"
"Australia","Prevention"
"Australia","Prevention"
"Australia","Prevention"
"Australia","Prevention"
"Australia","Prevention"
"Australia","Prevention"
"Australia","Prevention"
"Australia","Prevention"
"Australia","Prevention"
"Australia","Prevention"
"Australia","Prevention"
"Australia","Prevention"
"Australia","Prevention"
"Australia","Prevention"
"Australia","Prevention"
"Australia","Prevention"
"Australia","Prevention"
"Australia","Prevention"
"Australia","Prevention"
"Australia","Prevention"
"Australia","Prevention"
"Australia","Prevention"
"Australia","Prevention"
"Australia","Prevention"
"Australia","Prevention"
"Australia","Prevention"
"Australia","Prevention"
"Australia","Prevention"
"Australia","Prevention"
"Australia","Prevention"
"Australia","Prevention"
"Australia","Prevention"
"Australia","Prevention"
"Australia","Prevention"
"Australia","Prevention"
"Australia","Prevention"
"Australia","Prevention"
"Australia","Prevention"
"Australia","Prevention"
"Australia","Prevention"
"Australia","Prevention"
"Australia","Prevention"
"Australia","Prevention"
"Australia","Prevention"
"Australia","Prevention"
"Australia","Prevention"
"Australia","Prevention"
"Australia","Prevention"
"Australia","Prevention"
"Australia","Prevention"
"Australia","Prevention"
"Australia","Prevention"
"Australia","Prevention"
"Australia","Prevention"
"Australia","Prevention"
"Australia","At Risk"
"Australia","At Risk"
"Australia","At Risk"
"Australia","At Risk"
"Australia","At Risk"
"Australia","At Risk"
"Australia","At Risk"
"Australia","At Risk"
"Australia","At Risk"
"Australia","At Risk"
"Australia","At Risk"
"Australia","At Risk"
"Australia","At Risk"
"Australia","At Risk"
"Australia","At Risk"
"Australia","At Risk"
"Australia","At Risk"
"Australia","At Risk"
"Australia","At Risk"
"Australia","At Risk"
"Australia","At Risk"
"Australia","At Risk"
"Australia","At Risk"
"Australia","At Risk"
"Australia","At Risk"
"Australia","At Risk"
"Australia","At Risk"
"Australia","At Risk"
"Australia","At Risk"
"Australia","At Risk"
"Australia","At Risk"
"Australia","At Risk"
"Australia","At Risk"
"Australia","At Risk"
"Australia","At Risk"
"Australia","At Risk"
"Australia","At Risk"
"Australia","At Risk"
"Australia","At Risk"
"Australia","At Risk"
"Australia","At Risk"
"Australia","At Risk"
"Australia","At Risk"
"Australia","At Risk"
"Australia","At Risk"
"Australia","At Risk"
"Australia","At Risk"
"Australia","At Risk"
"Australia","At Risk"
"Australia","At Risk"
"Australia","At Risk"
"Australia","At Risk"
"Australia","At Risk"
"Australia","At Risk"
"Australia","At Risk"
"Australia","At Risk"
"Australia","At Risk"
"Australia","At Risk"
"Australia","At Risk"
"Australia","At Risk"
"Australia","At Risk"
"Australia","At Risk"
"Australia","At Risk"
"Australia","At Risk"
"Australia","At Risk"
"Australia","At Risk"
"Australia","At Risk"
"Australia","At Risk"
"Australia","At Risk"
"Australia","At Risk"
"Australia","At Risk"
"Australia","At Risk"
"Australia","At Risk"
"Australia","At Risk"
"Australia","At Risk"
"Australia","At Risk"
"Australia","At Risk"
"Australia","At Risk"
"Australia","At Risk"
"Australia","At Risk"
"Australia","At Risk"
"Australia","At Risk"
"Australia","At Risk"
"Australia","Sick Role"
"Australia","Sick Role"
"Australia","Sick Role"
"Australia","Sick Role"
"Australia","Sick Role"
"Australia","Sick Role"
"Australia","Sick Role"
"Australia","Sick Role"
"Australia","Sick Role"
"Australia","Sick Role"
"Australia","Sick Role"
"Australia","Sick Role"
"Australia","Sick Role"
"Australia","Sick Role"
"Australia","Sick Role"
"Australia","Sick Role"
"Australia","Sick Role"
"Australia","Sick Role"
"Australia","Sick Role"
"Australia","Sick Role"
"Australia","Sick Role"
"Australia","Sick Role"
"Australia","Sick Role"
"Australia","Sick Role"
"Australia","Sick Role"
"Australia","Sick Role"
"Australia","Sick Role"
"Australia","Sick Role"
"Australia","Sick Role"
"Australia","Sick Role"
"Australia","Sick Role"
"Australia","Sick Role"
"Australia","Sick Role"
"Australia","Sick Role"
"Australia","Sick Role"
"Australia","Sick Role"
"Australia","Sick Role"
"Australia","Sick Role"
"Australia","Sick Role"
"Australia","Sick Role"
"Australia","Sick Role"
"Australia","Sick Role"
"Australia","Sick Role"
"Australia","Sick Role"
"Australia","Sick Role"
"Australia","Sick Role"
"Australia","Sick Role"
"Australia","Sick Role"
"Australia","Sick Role"
"Australia","Sick Role"
"Australia","Sick Role"
"Australia","Sick Role"
"Australia","Sick Role"
"Australia","Sick Role"
"Australia","Sick Role"
"Australia","Sick Role"
"Australia","Sick Role"
"Australia","Sick Role"
"Australia","Sick Role"
"Australia","Sick Role"
"Australia","Sick Role"
"Australia","Sick Role"
"Australia","Sick Role"
"Australia","Sick Role"
"Australia","Sick Role"
"Australia","Sick Role"
"Australia","Sick Role"
"Australia","Sick Role"
"Australia","Self Care"
"Australia","Self Care"
"Australia","Self Care"
"Australia","Self Care"
"Australia","Self Care"
"Australia","Self Care"
"Australia","Self Care"
"Australia","Self Care"
"Australia","Self Care"
"Australia","Self Care"
"Australia","Self Care"
"Australia","Self Care"
"Australia","Self Care"
"Australia","Self Care"
"Australia","Self Care"
"Australia","Self Care"
"Australia","Self Care"
"Australia","Self Care"
"Australia","Self Care"
"Australia","Self Care"
"Australia","Self Care"
"Australia","Self Care"
"Australia","Self Care"
"Australia","Self Care"
"Australia","Self Care"
"Australia","Self Care"
"Australia","Self Care"
"Australia","Self Care"
"Australia","Self Care"
"Australia","Self Care"
"Australia","Self Care"
"Australia","Self Care"
"Australia","Self Care"
"Australia","Self Care"
"Australia","Self Care"
"Australia","Self Care"
"Australia","Self Care"
"Australia","Self Care"
"Australia","Self Care"
"Australia","Self Care"
"Australia","Self Care"
"Australia","Self Care"
"Australia","Self Care"
"Australia","Self Care"
"Australia","Self Care"
"Australia","Self Care"
"Australia","Self Care"
"Australia","Self Care"
"Australia","Self Care"
"Australia","Self Care"
"Australia","Self Care"
"Australia","Self Care"
"Australia","Self Care"
"Australia","Self Care"
"Australia","Self Care"
"Australia","Self Care"
"Australia","Self Care"
"Australia","Self Care"
"Australia","Self Care"
"Australia","Self Care"
"Australia","Self Care"
"Australia","Self Care"
"Australia","Self Care"
"Australia","Self Care"
"Australia","Self Care"
"Australia","Self Care"
"Australia","Self Care"
"Australia","Self Care"
"Australia","Self Care"
"Australia","Self Care"
"Australia","Self Care"
"Australia","Self Care"
"Australia","Self Care"
"Australia","Self Care"
"Australia","Self Care"
"Australia","Self Care"
"Australia","Self Care"
"Australia","Self Care"
"Australia","Self Care"
"Australia","Self Care"
"Australia","Self Care"
"Australia","Self Care"
"Australia","Self Care"
"Australia","Self Care"
"Australia","Self Care"
"Australia","Self Care"
"Australia","Self Care"
"Australia","Self Care"
"Australia","Self Care"
"Australia","Self Care"
"Australia","Self Care"
"Australia","Self Care"
"Australia","Self Care"
"Australia","Self Care"
"Australia","Self Care"
"Australia","Self Care"
"Australia","Self Care"
"Australia","Self Care"
"Australia","Self Care"
"Australia","Self Care"
"Australia","Self Care"
"Australia","Self Care"
"Australia","Self Care"
"Australia","Self Care"
"Australia","Self Care"
"Australia","Self Care"
"Australia","Self Care"
"Australia","Self Care"
"Australia","Self Care"
"Australia","Self Care"
"Australia","Self Care"
"Australia","Self Care"
"Australia","Self Care"
"Australia","Self Care"
"Australia","Self Care"
"Australia","Self Care"
"Australia","Self Care"
"Australia","Self Care"
"Australia","Self Care"
"Australia","Self Care"
"Australia","Self Care"
"Australia","Self Care"
"Australia","Self Care"
"Australia","Self Care"
"Australia","Self Care"
"Australia","Self Care"
"Australia","Self Care"
"Australia","Self Care"
"Australia","Self Care"
"Australia","Self Care"
"Australia","Self Care"
"Australia","Self Care"
"Australia","Self Care"
"Australia","Self Care"
"Australia","Self Care"
"Australia","Self Care"
"Australia","Self Care"
"Australia","Self Care"
"Australia","Self Care"
"Australia","Self Care"
"Australia","Self Care"
"Australia","Self Care"
"Australia","Self Care"
"Australia","Self Care"
"Australia","Self Care"
"Australia","Self Care"
"Australia","Self Care"
"Australia","Self Care"
"Australia","Self Care"
"Australia","Self Care"
"Australia","Self Care"
"Australia","Self Care"
"Australia","Self Care"
"Australia","Self Care"
"Australia","Self Care"
"Australia","Self Care"
"Australia","Self Care"
"Australia","Self Care"
"Australia","Self Care"
"Australia","Self Care"
"Australia","Self Care"
"Australia","Self Care"
"Australia","Self Care"
"Australia","Self Care"
"Australia","Self Care"
"Australia","Self Care"
"Australia","Self Care"
"Australia","Self Care"
"Australia","Self Care"
"Australia","Self Care"
"Australia","Self Care"
"Australia","Self Care"
"Australia","Self Care"
"Australia","Self Care"
"Australia","Self Care"
"Australia","Self Care"
"Australia","Self Care"
"Australia","Self Care"
"Australia","Self Care"
"Australia","Self Care"
"Australia","Self Care"
"Australia","Self Care"
"Australia","Self Care"
"Australia","Self Care"
"Australia","Self Care"
"Australia","Self Care"
"Australia","Self Care"
"Australia","Self Care"
"United States","Wellness"
"United States","Wellness"
"United States","Wellness"
"United States","Wellness"
"United States","Wellness"
"United States","Wellness"
"United States","Wellness"
"United States","Wellness"
"United States","Wellness"
"United States","Wellness"
"United States","Wellness"
"United States","Wellness"
"United States","Wellness"
"United States","Wellness"
"United States","Wellness"
"United States","Wellness"
"United States","Wellness"
"United States","Wellness"
"United States","Wellness"
"United States","Wellness"
"United States","Wellness"
"United States","Wellness"
"United States","Wellness"
"United States","Wellness"
"United States","Wellness"
"United States","Wellness"
"United States","Wellness"
"United States","Wellness"
"United States","Wellness"
"United States","Wellness"
"United States","Wellness"
"United States","Wellness"
"United States","Wellness"
"United States","Wellness"
"United States","Wellness"
"United States","Wellness"
"United States","Wellness"
"United States","Wellness"
"United States","Wellness"
"United States","Wellness"
"United States","Wellness"
"United States","Wellness"
"United States","Wellness"
"United States","Wellness"
"United States","Wellness"
"United States","Wellness"
"United States","Wellness"
"United States","Wellness"
"United States","Wellness"
"United States","Wellness"
"United States","Wellness"
"United States","Wellness"
"United States","Wellness"
"United States","Wellness"
"United States","Wellness"
"United States","Wellness"
"United States","Wellness"
"United States","Wellness"
"United States","Wellness"
"United States","Wellness"
"United States","Wellness"
"United States","Wellness"
"United States","Wellness"
"United States","Wellness"
"United States","Wellness"
"United States","Wellness"
"United States","Wellness"
"United States","Wellness"
"United States","Wellness"
"United States","Wellness"
"United States","Wellness"
"United States","Wellness"
"United States","Wellness"
"United States","Wellness"
"United States","Wellness"
"United States","Wellness"
"United States","Wellness"
"United States","Wellness"
"United States","Wellness"
"United States","Wellness"
"United States","Wellness"
"United States","Wellness"
"United States","Wellness"
"United States","Wellness"
"United States","Wellness"
"United States","Wellness"
"United States","Wellness"
"United States","Wellness"
"United States","Wellness"
"United States","Wellness"
"United States","Prevention"
"United States","Prevention"
"United States","Prevention"
"United States","Prevention"
"United States","Prevention"
"United States","Prevention"
"United States","Prevention"
"United States","Prevention"
"United States","Prevention"
"United States","Prevention"
"United States","Prevention"
"United States","Prevention"
"United States","Prevention"
"United States","Prevention"
"United States","Prevention"
"United States","Prevention"
"United States","Prevention"
"United States","Prevention"
"United States","Prevention"
"United States","Prevention"
"United States","Prevention"
"United States","Prevention"
"United States","Prevention"
"United States","Prevention"
"United States","Prevention"
"United States","Prevention"
"United States","Prevention"
"United States","Prevention"
"United States","Prevention"
"United States","Prevention"
"United States","Prevention"
"United States","Prevention"
"United States","Prevention"
"United States","Prevention"
"United States","Prevention"
"United States","Prevention"
"United States","Prevention"
"United States","Prevention"
"United States","Prevention"
"United States","Prevention"
"United States","Prevention"
"United States","Prevention"
"United States","Prevention"
"United States","Prevention"
"United States","Prevention"
"United States","Prevention"
"United States","Prevention"
"United States","Prevention"
"United States","Prevention"
"United States","Prevention"
"United States","Prevention"
"United States","Prevention"
"United States","Prevention"
"United States","Prevention"
"United States","Prevention"
"United States","Prevention"
"United States","Prevention"
"United States","Prevention"
"United States","Prevention"
"United States","Prevention"
"United States","Prevention"
"United States","Prevention"
"United States","Prevention"
"United States","Prevention"
"United States","Prevention"
"United States","Prevention"
"United States","Prevention"
"United States","Prevention"
"United States","Prevention"
"United States","Prevention"
"United States","Prevention"
"United States","Prevention"
"United States","Prevention"
"United States","Prevention"
"United States","Prevention"
"United States","Prevention"
"United States","At Risk"
"United States","At Risk"
"United States","At Risk"
"United States","At Risk"
"United States","At Risk"
"United States","At Risk"
"United States","At Risk"
"United States","At Risk"
"United States","At Risk"
"United States","At Risk"
"United States","At Risk"
"United States","At Risk"
"United States","At Risk"
"United States","At Risk"
"United States","At Risk"
"United States","At Risk"
"United States","At Risk"
"United States","At Risk"
"United States","At Risk"
"United States","At Risk"
"United States","At Risk"
"United States","At Risk"
"United States","At Risk"
"United States","At Risk"
"United States","At Risk"
"United States","At Risk"
"United States","At Risk"
"United States","At Risk"
"United States","At Risk"
"United States","At Risk"
"United States","At Risk"
"United States","At Risk"
"United States","At Risk"
"United States","At Risk"
"United States","At Risk"
"United States","At Risk"
"United States","At Risk"
"United States","At Risk"
"United States","At Risk"
"United States","At Risk"
"United States","At Risk"
"United States","At Risk"
"United States","At Risk"
"United States","At Risk"
"United States","At Risk"
"United States","At Risk"
"United States","At Risk"
"United States","At Risk"
"United States","At Risk"
"United States","At Risk"
"United States","At Risk"
"United States","At Risk"
"United States","At Risk"
"United States","At Risk"
"United States","At Risk"
"United States","At Risk"
"United States","At Risk"
"United States","At Risk"
"United States","At Risk"
"United States","At Risk"
"United States","At Risk"
"United States","At Risk"
"United States","At Risk"
"United States","At Risk"
"United States","At Risk"
"United States","Sick Role"
"United States","Sick Role"
"United States","Sick Role"
"United States","Sick Role"
"United States","Sick Role"
"United States","Sick Role"
"United States","Sick Role"
"United States","Sick Role"
"United States","Sick Role"
"United States","Sick Role"
"United States","Sick Role"
"United States","Sick Role"
"United States","Sick Role"
"United States","Sick Role"
"United States","Sick Role"
"United States","Sick Role"
"United States","Sick Role"
"United States","Sick Role"
"United States","Sick Role"
"United States","Sick Role"
"United States","Sick Role"
"United States","Sick Role"
"United States","Sick Role"
"United States","Sick Role"
"United States","Sick Role"
"United States","Sick Role"
"United States","Sick Role"
"United States","Sick Role"
"United States","Sick Role"
"United States","Sick Role"
"United States","Sick Role"
"United States","Sick Role"
"United States","Sick Role"
"United States","Sick Role"
"United States","Sick Role"
"United States","Sick Role"
"United States","Sick Role"
"United States","Sick Role"
"United States","Sick Role"
"United States","Sick Role"
"United States","Sick Role"
"United States","Sick Role"
"United States","Sick Role"
"United States","Sick Role"
"United States","Sick Role"
"United States","Sick Role"
"United States","Sick Role"
"United States","Sick Role"
"United States","Sick Role"
"United States","Sick Role"
"United States","Sick Role"
"United States","Sick Role"
"United States","Sick Role"
"United States","Sick Role"
"United States","Sick Role"
"United States","Sick Role"
"United States","Sick Role"
"United States","Sick Role"
"United States","Sick Role"
"United States","Sick Role"
"United States","Sick Role"
"United States","Sick Role"
"United States","Sick Role"
"United States","Sick Role"
"United States","Sick Role"
"United States","Sick Role"
"United States","Sick Role"
"United States","Sick Role"
"United States","Sick Role"
"United States","Sick Role"
"United States","Sick Role"
"United States","Sick Role"
"United States","Sick Role"
"United States","Sick Role"
"United States","Sick Role"
"United States","Sick Role"
"United States","Sick Role"
"United States","Sick Role"
"United States","Sick Role"
"United States","Sick Role"
"United States","Sick Role"
"United States","Sick Role"
"United States","Self Care"
"United States","Self Care"
"United States","Self Care"
"United States","Self Care"
"United States","Self Care"
"United States","Self Care"
"United States","Self Care"
"United States","Self Care"
"United States","Self Care"
"United States","Self Care"
"United States","Self Care"
"United States","Self Care"
"United States","Self Care"
"United States","Self Care"
"United States","Self Care"
"United States","Self Care"
"United States","Self Care"
"United States","Self Care"
"United States","Self Care"
"United States","Self Care"
"United States","Self Care"
"United States","Self Care"
"United States","Self Care"
"United States","Self Care"
"United States","Self Care"
"United States","Self Care"
"United States","Self Care"
"United States","Self Care"
"United States","Self Care"
"United States","Self Care"
"United States","Self Care"
"United States","Self Care"
"United States","Self Care"
"United States","Self Care"
"United States","Self Care"
"United States","Self Care"
"United States","Self Care"
"United States","Self Care"
"United States","Self Care"
"United States","Self Care"
"United States","Self Care"
"United States","Self Care"
"United States","Self Care"
"United States","Self Care"
"United States","Self Care"
"United States","Self Care"
"United States","Self Care"
"United States","Self Care"
"United States","Self Care"
"United States","Self Care"
"United States","Self Care"
"United States","Self Care"
"United States","Self Care"
"United States","Self Care"
"United States","Self Care"
"United States","Self Care"
"United States","Self Care"
"United States","Self Care"
"United States","Self Care"
"United States","Self Care"
"United States","Self Care"
"United States","Self Care"
"United States","Self Care"
"United States","Self Care"
"United States","Self Care"
"United States","Self Care"
"United States","Self Care"
"United States","Self Care"
"United States","Self Care"
"United States","Self Care"
"United States","Self Care"
"United States","Self Care"
"United States","Self Care"
"United States","Self Care"
"United States","Self Care"
"United States","Self Care"
"United States","Self Care"
"United States","Self Care"
"United States","Self Care"
"United States","Self Care"
"United States","Self Care"
"United States","Self Care"
"United States","Self Care"
"United States","Self Care"
"United States","Self Care"
"United States","Self Care"
"United States","Self Care"
"United States","Self Care"
"United States","Self Care"
"United States","Self Care"
"United States","Self Care"
"United States","Self Care"
"United States","Self Care"
"United States","Self Care"
"United States","Self Care"
"United States","Self Care"
"United States","Self Care"
"United States","Self Care"
"United States","Self Care"
"United States","Self Care"
"United States","Self Care"
"United States","Self Care"
"United States","Self Care"
"United States","Self Care"
"United States","Self Care"
"United States","Self Care"
"United States","Self Care"
"United States","Self Care"
"United States","Self Care"
"United States","Self Care"
"United States","Self Care"
"United States","Self Care"
"United States","Self Care"
"United States","Self Care"
"United States","Self Care"
"United States","Self Care"
"United States","Self Care"
"United States","Self Care"
"United States","Self Care"
"United States","Self Care"
"United States","Self Care"
"United States","Self Care"
"United States","Self Care"
"United States","Self Care"
"United States","Self Care"
"United States","Self Care"
"United States","Self Care"
"United States","Self Care"
"United States","Self Care"
"United States","Self Care"
"United States","Self Care"
"United States","Self Care"
"United States","Self Care"
"United States","Self Care"
"United States","Self Care"
"United States","Self Care"
"United States","Self Care"
"United States","Self Care"
"United States","Self Care"
"United States","Self Care"
"United States","Self Care"
"United States","Self Care"
"United States","Self Care"
"United States","Self Care"
"United States","Self Care"
"United States","Self Care"
"United States","Self Care"
"United States","Self Care"
"United States","Self Care"
"United States","Self Care"
"United States","Self Care"
"United States","Self Care"
"United States","Self Care"
"United States","Self Care"
"United States","Self Care"
"United States","Self Care"
"United States","Self Care"
"United States","Self Care"
"United States","Self Care"
"United States","Self Care"
"United States","Self Care"
"United States","Self Care"
"United States","Self Care"
"United States","Self Care"
"United States","Self Care"
"United States","Self Care"
"United States","Self Care"
"United States","Self Care"
"United States","Self Care"
"United States","Self Care"
"United States","Self Care"
"United States","Self Care"
"United States","Self Care"
"United States","Self Care"
"United States","Self Care"
"United States","Self Care"
"United States","Self Care"
"United States","Self Care"
"United States","Self Care"
"United States","Self Care"
"United States","Self Care"
"United States","Self Care"
"United States","Self Care"
"United States","Self Care"
"United States","Self Care"
"United States","Self Care"
"United States","Self Care"
"United States","Self Care"
"United States","Self Care"
"United States","Self Care"
"United States","Self Care"
"United States","Self Care"
"United States","Self Care"
"United States","Self Care"
"United States","Self Care"
"United States","Self Care"
"United States","Self Care"
"United States","Self Care"
"United States","Self Care"
"United States","Self Care"
"United States","Self Care"
"United States","Self Care"
"United States","Self Care"
"United States","Self Care"
"United States","Self Care"
"United States","Self Care"
"United States","Self Care"
"United States","Self Care"
"United States","Self Care"
"United States","Self Care"
"United States","Self Care"
"United States","Self Care"
"United States","Self Care"
"United States","Self Care"
"United States","Self Care"
"United States","Self Care"
"United States","Self Care"
"United States","Self Care"
"United States","Self Care"
"United States","Self Care"
"United States","Self Care"
"United States","Self Care"
"United States","Self Care"
"United States","Self Care"
"United States","Self Care"
"United States","Self Care"
"United States","Self Care"
"United States","Self Care"
"United States","Self Care"
"United States","Self Care"
"United States","Self Care"
"United States","Self Care"
"United States","Self Care"
"United States","Self Care"
"United States","Self Care"
"United States","Self Care"
"United States","Self Care"
"United States","Self Care"
"United States","Self Care"
"United States","Self Care"
"United States","Self Care"
"United States","Self Care"
"United States","Self Care"
"United States","Self Care"
"United States","Self Care"
"United States","Self Care"
"United States","Self Care"
"United States","Self Care"
"United States","Self Care"
"United States","Self Care"
"United States","Self Care"
"United States","Self Care"
