StartDate,EndDate,ID,Year,semester,section,rltnshp,Nkids,hmtype,hmset,stnon,cartype,drmjob,drmjob_14_TEXT,hnymn,clsenvrn,SHS1_1,SHS2_1,SHS3_1,SHS4_1,brthyr,sex,lds,relaffl,mnrtystu,ethnicity,race,race_6_TEXT
1/29/20 22:44,1/29/20 22:47,R_SN84W9DF6sm2GJ3,2020,1,1,1,53,2,1,"Missouri	MO",7,1,,3,3,5,4,,2,1998,1,1,,2,2,1,
1/29/20 20:56,1/29/20 21:08,R_3ktx3gugkuJLue5,2020,1,1,1,27,2,1,"Delaware	DE",3,12,,5,2,6,5,5,4,1996,2,1,,2,2,1,
1/28/20 14:53,1/28/20 14:59,R_szczV77hy11MN0J,2020,1,2,4,17,2,3,"Alaska	AK",7,14,Law Enforcement,5,2,7,5,7,2,1997,1,1,,2,2,1,
1/28/20 14:53,1/28/20 15:40,R_24pBBSv395Kf4EV,2020,1,2,4,3,2,1,"California	CA",3,5,,1,3,6,7,7,2,1998,1,1,,2,2,1,
1/28/20 16:54,1/28/20 16:56,R_2dv6YRX11fLfrom,2020,1,2,4,7,2,2,"California	CA",7,13,,5,4,6,4,5,2,1998,2,1,,2,2,1,
1/28/20 12:28,1/28/20 12:35,R_1KdIk6kz9mAi83F,2020,1,1,1,5,2,2,"Marshall Islands	MH",3,12,,1,4,5,4,4,6,2000,2,1,,2,2,1,
1/28/20 18:21,1/28/20 18:23,R_VVDAGd7gEe63V3X,2020,1,1,1,7,2,2,"Marshall Islands	MH",5,12,,1,4,5,,3,5,2000,2,1,,2,2,1,
1/28/20 9:54,1/28/20 10:02,R_CjfZzGlCR5hJ5ct,2020,1,1,1,244,2,2,"Wyoming	WY",5,13,,2,3,2,3,2,6,1996,1,1,,2,2,1,
1/28/20 10:00,1/28/20 20:32,R_2zJi6h9UenMBJbv,2020,1,1,2,,2,1,"Alaska	AK",,13,,5,3,5,,,,1996,1,1,,2,2,1,
1/28/20 11:31,1/28/20 11:34,R_3PpHmqHIfcz1p7b,2020,1,1,2,1998,2,1,"California	CA",10,13,,1,1,5,4,,3,1998,2,1,,2,2,1,
1/28/20 19:27,1/28/20 19:33,R_1H1p60kXgq8Dkrf,2020,1,2,1,7,1,2,"New York	NY",8,12,,5,3,5,5,4,5,1997,2,1,,3,2,7,
1/28/20 9:27,1/28/20 9:31,R_VOqBWpHBaYaQIWB,2020,1,1,1,5,2,2,"Puerto Rico	PR",8,13,,2,1,6,6,7,2,2000,2,1,,2,2,1,
1/28/20 12:28,1/28/20 12:33,R_2duc5aGoqCmWogX,2020,1,2,1,2,2,2,"California	CA",5,13,,5,3,5,4,5,,2000,2,1,,2,2,1,
1/28/20 12:34,1/28/20 12:41,R_33DevTe3ELZaGYV,2020,1,1,1,14,2,2,"Puerto Rico	PR",2,13,,5,3,6,5,5,2,2000,2,1,,2,2,1,
1/28/20 10:28,1/28/20 10:33,R_3VltrYeQnfNwhpv,2020,1,1,4,12,1,2,"Utah	UT",9,9,,1,3,6,5,5,1,1996,2,1,,2,2,1,
1/28/20 19:40,1/28/20 19:54,R_30tNXy0ZrTgUNMX,2020,1,1,1,15,2,2,"Texas	TX",4,13,,1,4,6,4,3,6,1996,2,1,,2,2,1,
1/28/20 20:22,1/28/20 20:30,R_UlJCflTfMYB4Czv,2020,1,2,4,75,2,2,"California	CA",9,14,Art Therapy (mix of 3 and 13?),5,4,3,3,3,3,1998,2,1,,2,2,1,
1/28/20 10:45,1/28/20 10:48,R_1DwDOMNpwiG88o2,2020,1,1,5,7,2,2,"New Mexico	NM",4,13,,5,4,4,4,5,3,1995,1,1,,2,2,1,
1/29/20 11:19,1/29/20 11:24,R_Y4xI60gpF85F5TP,2020,1,2,1,35,2,3,"Alaska	AK",6,13,,5,4,6,5,,6,2000,2,1,,2,2,1,
1/28/20 17:30,1/28/20 17:40,R_12Q3OnbvKhgfObP,2020,1,2,1,97,2,2,"Federated States of Micronesia	FM",7,12,,3,3,6,5,5,3,1998,2,1,,2,2,1,
1/28/20 17:27,1/28/20 17:34,R_0qUXFOBfC6U6J0t,2020,1,1,2,7,2,2,"North Dakota	ND",2,3,,5,3,7,6,5,2,1996,1,1,,1,1,1,
1/28/20 12:33,1/28/20 12:41,R_1mU85FT65rUkJzE,2020,1,1,5,15,2,2,"Alaska	AK",7,14,Travel,5,1,5,5,3,3,2000,2,1,,2,2,1,
1/28/20 17:03,1/28/20 17:09,R_27Kfu3sYE2QInGM,2020,1,2,2,2336,2,2,"California	CA",6,11,,1,3,5,5,6,2,1996,1,1,,2,2,1,
1/29/20 23:21,1/29/20 23:24,R_1pmwjvEzkF86Ca7,2020,1,1,2,4,2,2,"Idaho	ID",6,13,,1,3,6,5,6,2,1995,2,1,,2,2,1,
1/28/20 11:26,1/28/20 11:32,R_80UCaK1slG4IfhD,2020,1,1,1,67,2,1,"Alaska	AK",8,3,,3,1,2,1,1,6,1999,1,1,,2,2,1,
1/28/20 17:37,1/28/20 17:44,R_2uro9YZSV2ARg6s,2020,1,1,2,4,2,2,"Guam	GU",4,13,,2,3,6,7,5,1,1994,1,1,,2,2,1,
1/28/20 12:54,1/28/20 13:01,R_21b7mMl8HIC8DVP,2020,1,2,1,7,2,2,"Utah	UT",3,13,,5,3,5,5,5,2,2001,2,1,,2,2,1,
1/28/20 16:34,1/28/20 16:40,R_2v8huQP4dbGFjJM,2020,1,2,7,72,1,1,"New Mexico	NM",7,3,,1,3,5,6,5,2,1997,1,1,,2,2,1,
1/28/20 12:49,1/28/20 12:51,R_xxbrdsNayEfZdHX,2020,1,1,1,20,2,2,"Arkansas	AR",6,11,,1,3,6,5,5,3,1998,2,1,,2,2,1,
1/28/20 18:28,1/28/20 18:32,R_3RqMlq958t7G7tc,2020,1,2,1,6,2,1,"Idaho	ID",8,1,,2,3,5,4,6,1,1998,2,1,,2,2,1,
1/28/20 12:22,1/28/20 12:28,R_bqGPl89uISDK88h,2020,1,1,2,22,2,2,"Federated States of Micronesia	FM",7,14,Therapy,2,3,6,5,5,1,1995,1,1,,2,2,1,
1/28/20 9:35,1/28/20 9:40,R_2f7ANtzcDs7GCS1,2020,1,1,2,3,2,1,"Alaska	AK",9,13,,5,3,6,6,6,2,1996,1,1,,2,2,1,
1/28/20 15:47,1/28/20 16:04,R_22VwHq9JX4okw9P,2020,1,2,1,7,2,2,"Nevada	NV",4,13,,3,4,5,5,4,4,1991,1,1,,1,1,6,Hispanic/Latino
1/28/20 19:08,1/28/20 19:11,R_egPIyVa70lSQAtH,2020,1,1,1,3,1,2,"Kansas	KS",7,13,,1,3,6,7,6,3,1996,1,1,,2,2,1,
1/28/20 14:42,1/28/20 14:49,R_UtPd75QggLzIBsl,2020,1,1,4,10,2,2,"Wyoming	WY",5,13,,2,4,6,6,3,2,1999,2,1,,2,2,1,
1/28/20 13:31,1/28/20 13:35,R_3mk3SPkQRSNA06F,2020,1,2,1,7,2,1,"California	CA",4,13,,5,4,5,5,4,4,1993,2,1,,1,2,1,
1/29/20 21:06,1/29/20 21:15,R_1Du5gUDHDe3Csg4,2020,1,1,1,1000000,2,2,"Puerto Rico	PR",3,9,,2,3,,3,3,5,1983,1,1,,1,2,2,
1/28/20 20:38,1/28/20 20:44,R_uaaCdpfUPRuiW8p,2020,1,2,4,17,2,2,"Arkansas	AR",2,13,,5,2,6,5,5,2,1997,2,1,,2,2,1,
1/29/20 19:59,1/29/20 20:02,R_1diPO6FCjBJsbK0,2020,1,1,4,52,2,2,"Missouri	MO",6,13,,4,3,5,,5,5,1992,2,1,,3,2,1,
1/28/20 15:14,1/28/20 15:20,R_1DGTbMzvuSWbGzO,2020,1,1,1,5,2,2,"Federated States of Micronesia	FM",9,14,Rehab/Psychiatric Centers,2,2,6,5,3,5,1994,2,1,,2,2,1,
1/28/20 11:27,1/28/20 11:31,R_3Gkb3AzNV5COYAa,2020,1,2,5,52,2,3,"Kentucky	KY",7,11,,5,3,,4,2,6,1999,2,1,,3,2,7,
1/28/20 11:38,1/28/20 11:41,R_28IFDQnilmJfBpM,2020,1,2,2,7,1,2,"Utah	UT",4,11,,5,4,6,6,6,1,1987,1,1,,2,2,1,
1/28/20 11:35,1/28/20 11:55,R_XoVwRcrPB4glU3L,2020,1,2,1,7,2,4,"South Dakota	SD",10,13,,5,2,6,5,4,2,2000,2,1,,2,2,1,
1/28/20 20:28,1/28/20 20:38,R_8fgqER1iL99TAGJ,2020,1,2,4,4,2,2,"Michigan	MI",7,13,,5,4,6,5,5,2,1996,1,1,,3,1,,
1/28/20 21:25,1/28/20 21:32,R_vGg1G2llJ4CrS37,2020,1,1,2,8,2,2,"North Dakota	ND",2,13,,5,3,5,5,,2,1997,2,1,,2,2,1,
1/28/20 18:16,1/28/20 18:22,R_2ccHNToF4X2nRPC,2020,1,2,2,24,2,1,"California	CA",9,13,,1,3,5,5,5,3,1996,1,1,,2,2,1,
1/28/20 19:02,1/28/20 19:08,R_232R0AWF6SyDbNL,2020,1,2,1,5,2,2,"Georgia	GA",1,13,,1,3,5,6,5,2,2000,1,1,,2,1,1,
1/28/20 22:16,1/28/20 22:24,R_1cUshTcxpRP6zly,2020,1,1,5,19,2,1,"Louisiana	LA",3,5,,1,3,5,4,4,6,2000,2,1,,2,1,1,
1/28/20 9:27,1/28/20 10:01,R_s68Lz0uLPI1y8z7,2020,1,1,1,4,1,4,"Federated States of Micronesia	FM",9,11,,1,3,1,1,1,1,2001,2,1,,2,2,1,
1/28/20 9:42,1/28/20 9:48,R_2gZVuL3TXasQ9S9,2020,1,1,1,13,2,1,"California	CA",3,13,,2,3,5,4,4,2,1997,2,1,,2,2,1,
1/28/20 14:53,1/28/20 15:26,R_BArQDyIvLCMCKm5,2020,1,1,2,8,2,3,"Texas	TX",8,13,,2,3,7,3,7,1,1998,2,1,,1,2,1,
1/28/20 20:27,1/28/20 20:30,R_1oA5UJLkD67gN1I,2020,1,1,4,8,2,2,"Wyoming	WY",6,13,,5,3,6,5,5,2,1998,2,1,,2,2,1,
1/28/20 22:34,1/28/20 22:38,R_3CHp6pCQEdxTDOp,2020,1,1,1,3,2,1,"Guam	GU",7,13,,1,3,,4,,,1996,1,1,,2,2,1,
1/29/20 12:21,1/29/20 12:24,R_pGJeeKNXb6lF0bL,2020,1,2,1,7,2,1,"Montana	MT",7,12,,3,3,,3,,,1998,2,1,,2,2,1,
1/28/20 17:30,1/28/20 17:46,R_VIpOZX3yYuSaU93,2020,1,2,2,5,2,2,"Virgin Islands	VI",5,12,,1,3,5,5,5,3,1997,2,1,,2,2,1,
1/28/20 11:17,1/28/20 11:21,R_1I9HkbkyCMGyo4x,2020,1,2,4,7,2,2,"Idaho	ID",3,13,,3,3,5,5,3,3,1999,1,1,,2,2,1,
1/28/20 10:06,1/28/20 10:17,R_2fiJWonmhSQUk0F,2020,1,1,1,5,2,2,"Hawaii	HI",7,13,,1,3,3,2,2,5,1990,1,1,,2,2,1,
1/28/20 9:55,1/28/20 10:04,R_XvRuhIfjAxsgTER,2020,1,1,1,55,2,1,"Florida	FL",5,13,,3,2,6,7,7,1,1998,2,1,,3,2,1,
1/29/20 20:03,1/29/20 20:06,R_3MF4nwsSMJjn9iF,2020,1,1,1,23,2,2,"California	CA",3,13,,1,2,6,6,6,2,1999,2,1,,2,2,1,
1/28/20 12:21,1/28/20 12:27,R_2OPVKI2k4txZS9s,2020,1,2,1,7,2,2,"Utah	UT",3,13,,5,3,,2,4,3,1997,2,1,,1,2,1,
1/28/20 22:21,1/28/20 22:25,R_1CJvDI22WYBozk9,2020,1,2,1,12,2,3,"Idaho	ID",5,13,,1,4,7,6,7,2,1996,2,1,,2,2,1,
1/22/19 9:04,1/22/19 9:08,R_3nNqjuetIIqAfO0,2019,1,1,2,7,2,2,"Iowa	IA",6,13,,5,4,5,3,4,3,1995,1,1,,2,1,1,
5/9/19 10:21,5/9/19 10:25,R_3eaGywXotzJUY60,2019,2,2,5,7,2,2,"Oklahoma	OK",3,13,,1,4,5,3,4,4,1999,2,1,,2,2,1,
5/9/19 10:21,5/9/19 10:25,R_1jxKEIpKGwBhWMo,2019,2,2,1,34,2,2,"Minnesota	MN",4,9,,1,2,6,6,5,2,1998,2,1,,2,2,1,
1/22/19 11:08,1/22/19 11:14,R_1q38HwW2zYUemjP,2019,1,2,1,3,2,1,"Oregon	OR",7,4,,3,3,2,1,1,5,1996,2,1,,2,2,1,
1/22/19 11:08,1/22/19 11:11,R_3iX4ZbmQ6uO0Qdz,2019,1,2,4,14,2,2,"Utah	UT",7,13,,1,3,5,5,5,5,1995,1,1,,1,2,4,
1/22/19 11:08,1/22/19 11:13,R_0qbWp7mEtKarBHr,2019,1,2,1,7,2,1,"Arkansas	AR",7,3,,1,3,6,6,5,3,1995,2,1,,2,2,1,
10/1/19 10:40,10/1/19 10:46,R_2e9WtS6zShyCGXi,2019,3,2,5,23,3,2,"Idaho	ID",8,13,,1,2,6,5,6,3,1998,2,1,,1,1,6,Mulata
5/9/19 10:21,5/9/19 10:26,R_0MwvEJ9NGu9SqVb,2019,2,2,3,6,2,1,"Texas	TX",7,11,,1,3,6,6,5,2,1999,2,1,,2,2,1,
10/1/19 10:40,10/1/19 10:44,R_6DcrU2Zs0cDWisN,2019,3,2,2,6,2,2,"Wyoming	WY",2,13,,1,3,7,7,6,2,2000,2,1,,2,2,1,
5/9/19 10:21,5/9/19 10:25,R_3KK1mrBpOcaDXDL,2019,2,2,1,6,2,2,"California	CA",6,13,,1,1,6,5,4,2,1994,1,1,,2,2,1,
1/22/19 11:09,1/22/19 11:13,R_4Gh0rnsw00iDE3v,2019,1,2,1,5,2,1,"New York	NY",7,9,,2,3,5,6,5,3,1991,1,1,,2,2,1,
5/9/19 10:21,5/9/19 10:25,R_1dKcOTlNY5Kf23o,2019,2,2,1,8,2,2,"Minnesota	MN",7,14,social work,3,3,7,7,6,2,1995,2,1,,2,2,1,
5/9/19 8:16,5/9/19 8:22,R_bE1R6zuXdHhQ1eF,2019,2,1,2,10,2,1,"Nebraska	NE",6,14,Marriage and Family,3,1,6,6,5,2,1993,1,1,,2,2,1,
5/9/19 8:16,5/9/19 8:21,R_1mquI1S4IynJbH6,2019,2,1,1,13,1,2,"California	CA",5,3,,5,2,5,3,4,4,1996,2,1,,2,2,1,
10/1/19 10:40,10/1/19 10:44,R_3KpH0aGc1u0gjS8,2019,3,2,1,23,2,2,"Mississippi	MS",3,3,,5,4,6,4,3,5,1997,2,1,,2,2,1,
5/9/19 10:21,5/9/19 10:24,R_ZsdEYgibyTSCB21,2019,2,2,2,12,2,1,"Utah	UT",4,12,,1,2,6,5,5,4,1997,2,1,,2,2,1,
1/22/19 11:08,1/22/19 11:12,R_1NjZAtD15OYIO92,2019,1,2,2,9,2,1,"Washington	WA",4,13,,3,3,5,4,4,3,1991,1,1,,2,2,1,
5/9/19 10:22,5/9/19 10:25,R_2b3jXHnm8WHCFaJ,2019,2,2,1,8,3,3,"Utah	UT",4,11,,1,1,6,5,6,2,1996,1,1,,2,2,1,
5/9/19 10:22,5/9/19 10:26,R_3gRifCkNLTKI3R5,2019,2,2,1,24,2,2,"Alaska	AK",7,6,,5,3,6,6,5,2,1999,2,1,,2,2,1,
10/1/19 10:41,10/1/19 10:44,R_1Oy68J9HGC53Gwc,2019,3,2,2,26,2,2,"Florida	FL",8,12,,2,3,4,3,5,4,1994,2,1,,1,2,7,
10/1/19 10:40,10/1/19 10:44,R_1K44uB7L0rKfXAI,2019,3,2,1,12,2,1,"Guam	GU",5,13,,5,3,6,6,6,2,1996,2,1,,3,2,1,
1/22/19 11:08,1/22/19 11:16,R_p0INihsrrutySu5,2019,1,2,2,8,2,1,"Arizona	AZ",8,13,,2,4,6,6,4,2,1995,2,1,,2,2,1,
1/22/19 9:04,1/22/19 9:07,R_ByNkwl5tq43CtCV,2019,1,1,2,3,2,2,"Colorado	CO",8,13,,5,3,6,5,4,4,1997,2,1,,2,2,1,
1/22/19 9:04,1/22/19 9:09,R_2t3ALRn1WoTNdQQ,2019,1,1,4,8,3,2,"Minnesota	MN",2,6,,5,4,6,4,5,2,1993,1,1,,2,2,1,
5/9/19 8:16,5/9/19 8:19,R_2tikCpK1d5xBNjU,2019,2,1,5,7,2,2,"Wyoming	WY",3,6,,3,2,5,5,4,6,1997,1,1,,1,1,7,
5/9/19 10:21,5/9/19 10:25,R_2wLvOGrUp6MptPg,2019,2,2,5,27,2,2,"North Dakota	ND",9,3,,1,2,6,6,5,2,1997,2,1,,2,2,1,
1/22/19 11:08,1/22/19 11:15,R_2QMQmttoD582N93,2019,1,2,2,500,1,1,"Utah	UT",4,14,Counselling for high-risk teens,3,3,4,3,5,4,1993,2,1,,2,2,1,
10/1/19 10:40,10/1/19 10:45,R_2P6VlPCK1LfbaiT,2019,3,2,2,3,2,3,"Idaho	ID",2,5,,1,3,,,,2,1993,2,1,,1,2,1,
5/9/19 10:21,5/9/19 10:29,R_1P01B9n9t8IUkAF,2019,2,2,1,43,3,2,"New York	NY",7,8,,5,1,2,2,2,5,1998,2,1,,2,2,1,
10/1/19 10:40,10/1/19 10:45,R_dnGbiszHVk7SnFn,2019,3,2,3,28,2,1,"Alaska	AK",7,2,,1,3,5,5,4,2,2000,2,1,,2,2,1,
10/1/19 10:40,10/1/19 10:45,R_po6vtvGEiOSI8kF,2019,3,2,1,42,1,1,"Alaska	AK",3,1,,5,4,4,5,5,3,1997,2,1,,2,2,1,
10/1/19 10:40,10/1/19 10:45,R_2S6W0HattGPkIM8,2019,3,2,1,7,2,1,"Florida	FL",5,13,,3,3,4,3,3,5,1998,2,1,,1,1,1,
1/22/19 9:04,1/22/19 9:12,R_1JLN6OtM8nJ30rQ,2019,1,1,1,3,2,1,"Alaska	AK",4,13,,3,4,6,6,5,,1996,1,1,,2,2,1,
5/9/19 10:22,5/9/19 10:25,R_cZr6PhorLcUSjHr,2019,2,2,1,67,2,2,"Alaska	AK",5,13,,5,1,6,4,6,3,2000,2,1,,2,2,1,
5/9/19 8:20,5/9/19 8:22,R_2qDhkS5wFhtG2WQ,2019,2,1,5,12,1,2,"Alaska	AK",10,1,,5,4,5,6,6,2,1996,1,1,,1,1,6,Latino
5/9/19 10:23,5/9/19 10:27,R_1M5uoqy0u30Qv5G,2019,2,2,1,7,2,1,"Rhode Island	RI",7,6,,2,2,6,6,2,2,1997,1,1,,2,2,5,
10/1/19 10:40,10/1/19 10:45,R_2V2e3ihO0lXcIeV,2019,3,2,1,34,2,4,"Texas	TX",3,3,,3,2,4,4,3,5,1999,2,0,It's complicated.,1,1,1,
5/9/19 8:16,5/9/19 8:21,R_2QGSp4sWMBVer05,2019,2,1,1,100,2,1,"Kentucky	KY",5,13,,5,2,5,4,4,5,1998,2,1,,2,2,1,
10/1/19 18:00,10/1/19 18:05,R_4VE9fvDQkpXdcVX,2019,3,2,4,4,2,1,"Puerto Rico	PR",5,13,,2,4,5,6,6,5,1998,2,1,,2,2,1,
5/9/19 10:21,5/9/19 10:26,R_12ipqLW29ltN4Ha,2019,2,2,1,47,2,2,"Federated States of Micronesia	FM",4,13,,5,3,6,6,6,1,1997,2,1,,2,2,1,
5/9/19 22:03,5/9/19 22:07,R_1pKHqJtPHyEKnQL,2019,2,2,5,6,4,2,"Arkansas	AR",8,8,,1,4,6,6,5,3,1997,2,1,,2,2,1,
1/22/19 11:08,1/22/19 11:14,R_d1ltUWTRLmyMCM9,2019,1,2,1,20,2,3,"Nevada	NV",4,8,,5,4,5,5,7,3,1995,1,1,,2,2,1,
5/9/19 8:16,5/9/19 8:22,R_3oENXl0iTs9MGuM,2019,2,1,1,12,2,2,"Alaska	AK",1,14,Speach Pathology ,1,2,6,7,6,2,1996,2,1,,2,2,1,
1/22/19 9:40,1/22/19 9:44,R_2VCuJdtdtamsSTh,2019,1,2,2,40,1,2,"New Jersey	NJ",3,1,,1,3,5,4,4,2,1996,1,1,,2,2,1,
10/1/19 10:40,10/1/19 10:44,R_3CTa9R6cWIoQSQo,2019,3,2,4,5,2,1,"California	CA",5,13,,1,3,5,3,2,5,1999,2,1,,2,2,1,
1/22/19 11:08,1/22/19 11:13,R_3Orlo9katbFgztb,2019,1,2,5,3,2,2,"Montana	MT",8,11,,5,3,5,4,6,3,1997,2,1,,3,2,1,
10/1/19 10:41,10/1/19 10:45,R_21sJiz2oryM5D1S,2019,3,2,1,50,2,2,"Maine	ME",7,13,,5,4,4,,,,1995,1,1,,2,2,1,
5/9/19 8:16,5/9/19 8:21,R_3hgOkE6N2t4ueDH,2019,2,1,4,15,2,2,"Montana	MT",9,13,,1,2,5,5,4,,1995,2,1,,3,2,4,
10/1/19 10:42,10/1/19 10:46,R_32SgYW7LsCYGfnw,2019,3,2,5,43,1,1,"Wisconsin	WI",7,13,,1,3,6,4,6,3,1993,1,1,,2,2,1,
10/1/19 10:41,10/1/19 10:44,R_2pYv1aVYw6ZkkPJ,2019,3,2,3,9,1,2,"Kansas	KS",6,3,,5,2,5,4,5,4,1997,2,1,,2,2,1,
10/1/19 10:41,10/1/19 10:44,R_2rIOGyHwAeazb2G,2019,3,2,2,8,2,3,"Montana	MT",8,1,,2,2,7,7,7,1,1996,2,1,,1,1,1,
5/9/19 8:17,5/9/19 8:20,R_2t9lB1pfsCMdICo,2019,2,1,2,4,2,1,"Maine	ME",5,13,,3,2,,,,,1996,2,1,,2,2,7,
1/22/19 9:04,1/22/19 9:08,R_5bh2VwWTLdz7JkZ,2019,1,1,1,4,2,2,"Alaska	AK",3,3,,3,2,5,5,6,3,1998,1,1,,2,2,1,
5/9/19 8:16,5/9/19 8:21,R_1j6rXviZtTvwHPr,2019,2,1,1,4,2,2,"Alaska	AK",9,6,,3,3,3,3,2,3,1997,2,1,,2,2,1,
5/9/19 8:17,5/9/19 8:21,R_0Hxa1KlRP4l82PL,2019,2,1,2,20,5,4,"North Dakota	ND",3,4,,5,1,7,6,7,2,1998,2,1,,2,2,1,
5/9/19 10:21,5/9/19 10:26,R_2ZCGbX512N3WAaf,2019,2,2,1,6,2,2,"Arizona	AZ",6,13,,1,3,4,5,5,3,1996,1,1,,2,2,1,
1/22/19 9:04,1/22/19 9:08,R_2xUWTKx9IYOvdfk,2019,1,1,2,14,2,3,"Kansas	KS",5,13,,1,2,5,6,6,2,1996,2,1,,2,2,1,
5/9/19 8:16,5/9/19 8:22,R_6DMRnOaWHG2i3SN,2019,2,1,2,13,2,1,"Iowa	IA",3,3,,5,1,,,,,1997,2,1,,2,2,1,
5/9/19 10:21,5/9/19 10:24,R_3oL4Hs36qRKrT3o,2019,2,2,1,5,1,2,"Alaska	AK",5,13,,2,1,7,7,7,2,1995,1,1,,2,2,1,
1/22/19 11:08,1/22/19 11:14,R_2WBhI2bjNeA6d8U,2019,1,2,4,10,2,1,"Montana	MT",4,4,,5,3,6,6,4,5,1996,2,1,,2,2,1,
1/22/19 11:08,1/22/19 11:13,R_2VIqVuUTdf8GRt7,2019,1,2,1,29,2,2,"Marshall Islands	MH",6,4,,5,3,6,5,5,1,1997,2,1,,2,2,1,
10/1/19 10:40,10/1/19 10:45,R_3peSbNTSgp8CazX,2019,3,2,1,25,2,2,"Kansas	KS",7,3,,3,4,7,6,6,1,1996,2,1,,2,2,1,
1/22/19 11:08,1/22/19 11:13,R_d0DEn0NLEGAm5uV,2019,1,2,2,3,2,3,"California	CA",2,11,,3,4,5,5,6,1,1989,1,1,,2,2,1,
10/1/19 10:41,10/1/19 10:45,R_1LMROQ0fiZJVn5Z,2019,3,2,2,13,2,2,"Utah	UT",7,13,,5,3,6,6,4,,1993,1,1,,2,2,1,
5/9/19 10:21,5/9/19 10:25,R_x6qpHEJSJSsLVbb,2019,2,2,3,27,2,2,"Wyoming	WY",9,13,,2,3,6,5,6,3,1996,2,1,,2,2,1,
5/9/19 8:16,5/9/19 8:22,R_1q2lLLUdXAtEHD7,2019,2,1,2,7,2,2,"Montana	MT",8,4,,1,4,5,4,4,3,1996,1,1,,2,2,1,
5/9/19 8:17,5/9/19 8:22,R_1IE6f7oFFWk9bDc,2019,2,1,1,2,2,2,"Guam	GU",10,1,,1,3,6,6,5,2,1994,1,1,,2,2,1,
1/22/19 9:04,1/22/19 9:08,R_21BoXE3nJqmdHdX,2019,1,1,2,26,2,4,"Alaska	AK",6,13,,1,3,6,6,5,2,1995,2,1,,2,2,1,
5/9/19 10:24,5/9/19 10:28,R_3JwShSTz4uTJnql,2019,2,2,3,22,1,2,"Arizona	AZ",5,1,,1,2,6,6,6,1,1996,1,1,,2,2,1,
1/22/19 11:08,1/22/19 11:12,R_3JKRIxOZBJkYQAH,2019,1,2,2,4,2,1,"Utah	UT",9,2,,1,3,7,7,7,1,1993,1,1,,2,2,5,
10/1/19 10:40,10/1/19 10:45,R_3hEgnphwzv1DW2i,2019,3,2,1,8,2,2,"District of Columbia	DC",8,3,,1,3,6,5,6,2,1998,2,1,,2,2,1,
5/9/19 8:16,5/9/19 8:22,R_1FyTQxvYtXHrGJu,2019,2,1,1,28,2,1,"Hawaii	HI",8,13,,5,1,5,5,,4,1996,2,1,,1,2,1,
1/22/19 11:08,1/22/19 11:12,R_3F1Wkr9kXCgG9Nd,2019,1,2,1,17,2,2,"Nebraska	NE",3,11,,1,2,6,5,4,2,1994,2,1,,2,2,1,
10/1/19 9:16,10/1/19 9:22,R_DxaHcBLcahcZ2Wl,2019,3,1,2,5,1,2,"Idaho	ID",8,13,,5,2,7,7,7,2,1997,2,1,,2,2,1,
5/9/19 10:21,5/9/19 10:24,R_C9MBT1I1tF3JvuV,2019,2,2,1,3872,2,2,"Alaska	AK",3,12,,1,3,7,5,6,2,1998,2,1,,2,2,1,
5/9/19 10:21,5/9/19 10:25,R_SZvI84Tc5UO8Jzj,2019,2,2,3,22,2,2,"Wyoming	WY",9,9,,2,3,4,4,4,4,1995,2,1,,1,2,4,
1/28/20 15:17,1/28/20 15:24,R_3W1PInof6Fw1Vvz,2019,1,1,5,8,2,3,"Nebraska	NE",7,13,,1,4,6,5,3,2,1998,2,1,,1,1,6,Hispanic/Latina
1/22/19 11:08,1/22/19 11:13,R_2QsLdyObBFRkraj,2019,1,2,3,15,1,2,"Alaska	AK",3,13,,1,2,6,6,6,1,1996,1,1,,2,2,1,
5/9/19 10:21,5/9/19 10:26,R_siizTyKsFrl1FeN,2019,2,2,1,8,1,2,"Iowa	IA",3,10,,1,1,,4,3,6,1997,1,1,,2,1,7,
5/9/19 10:21,5/9/19 10:26,R_28HDeDaGulGe2Hb,2019,2,2,4,8,2,4,"Wyoming	WY",3,13,,1,2,6,6,7,2,1996,1,1,,1,1,6,Hispanic/Latino
1/22/19 9:04,1/22/19 9:06,R_2Qh5QLtvlB4Is0d,2019,1,1,2,7,2,1,"Guam	GU",4,13,,5,3,6,6,6,2,1980,1,1,,2,2,1,
1/22/19 21:36,1/22/19 21:43,R_2zOvuCPEmRwCO0C,2019,1,1,5,,1,3,"New York	NY",7,5,,5,3,6,7,7,1,1996,2,1,,1,2,6,Indian
1/22/19 9:04,1/22/19 9:10,R_2diRViTvSuH9CYo,2019,1,1,1,24,2,2,"Texas	TX",7,13,,5,4,4,4,4,6,1998,1,1,,2,2,1,
1/23/19 15:27,1/23/19 16:13,R_2RR48zE18G27pZq,2019,1,3,2,20,2,2,"Marshall Islands	MH",7,13,,1,4,5,6,4,3,1997,2,1,,2,2,1,
5/9/19 8:16,5/9/19 8:20,R_dcVU0UaIJMUxstP,2019,2,1,1,8,2,2,"Virgin Islands	VI",2,12,,5,2,6,4,4,3,1998,2,1,,2,2,1,
1/22/19 9:04,1/22/19 9:07,R_bfqEUPoyi5dpPYB,2019,1,1,5,12,2,1,"Alaska	AK",6,4,,3,3,4,3,4,2,1997,2,1,,2,2,1,
1/22/19 11:08,1/22/19 11:16,R_2Vxoik3HPwyDs3q,2019,1,2,2,32,2,2,"Oklahoma	OK",5,3,,1,3,6,4,5,3,1992,2,1,,1,1,1,
1/22/19 9:04,1/22/19 9:09,R_2U4v1kf1rkQF600,2019,1,1,2,7,2,3,"Alaska	AK",4,13,,1,4,6,4,6,3,1996,2,1,,2,2,1,
5/9/19 10:23,5/9/19 10:28,R_1eRCaqDBFvAzFup,2019,2,2,1,23,2,2,"New York	NY",7,13,,1,2,6,,5,3,1996,1,1,,2,1,1,
5/11/19 12:26,5/11/19 12:31,R_2iyJZOcST0RazS1,2019,2,2,1,10,2,4,"Vermont	VT",4,13,,2,4,6,,3,2,1983,1,1,,2,2,2,
5/9/19 10:21,5/9/19 10:26,R_23TVd7kOd1YWWRX,2019,2,2,2,85,2,3,"North Dakota	ND",8,13,,1,3,5,4,5,2,1992,2,1,,1,1,7,
1/22/19 9:04,1/22/19 9:09,R_1LFFoM83dsHh9E7,2019,1,1,2,23,2,1,"Mississippi	MS",7,5,,4,3,3,4,4,3,1993,2,1,,2,2,1,
1/22/19 11:09,1/22/19 11:15,R_0j3kpM4HLachQdP,2019,1,2,1,4,2,2,"Virgin Islands	VI",5,13,,3,3,6,7,5,5,1995,2,1,,2,2,1,
5/9/19 8:16,5/9/19 8:24,R_1kZFiN84uJUhv4N,2019,2,1,1,13,2,1,"Arizona	AZ",7,13,,5,3,7,,6,2,1996,1,1,,2,2,1,
5/9/19 8:18,5/9/19 8:22,R_1QJwekml8J7a0Ra,2019,2,2,4,13,3,4,"Kentucky	KY",8,14,Military,5,1,4,4,3,4,2000,2,1,,2,2,1,
10/1/19 10:41,10/1/19 10:44,R_3LjrPDkx26mpRQs,2019,3,2,2,8,2,2,"Alaska	AK",4,6,,1,3,6,5,5,3,1995,1,1,,2,2,1,
5/9/19 8:16,5/9/19 8:23,R_1CwQIYIo6lrGbYu,2019,2,1,1,12,2,1,"Louisiana	LA",8,5,,2,3,,5,4,,1999,2,1,,2,2,1,
5/9/19 10:21,5/9/19 10:24,R_2Yt8XUUt0UW3fPg,2019,2,2,1,3,2,2,"Wyoming	WY",7,4,,3,2,5,,5,,1999,2,1,,2,2,1,
1/22/19 9:04,1/22/19 9:08,R_3CZ9R5qhcoLbg04,2019,1,1,5,3,2,2,"Nebraska	NE",9,12,,5,3,6,6,5,2,1997,2,1,,1,1,6,
1/22/19 11:09,1/22/19 11:13,R_3RpwdzrFEngWo2A,2019,1,2,1,13,2,1,"Arizona	AZ",2,9,,5,2,4,4,4,3,1996,2,1,,3,1,1,
1/22/19 9:04,1/22/19 9:08,R_3Rmc5Axhbnq3KhP,2019,1,1,2,4,2,3,"Rhode Island	RI",6,13,,5,3,4,4,6,2,1998,2,1,,2,2,1,
1/22/19 9:04,1/22/19 9:08,R_3e8JeTlYHEgJfcO,2019,1,1,1,7,2,2,"California	CA",9,5,,3,2,6,5,5,2,1996,1,1,,2,2,1,
1/22/19 11:08,1/22/19 11:11,R_1qeACoUq1dDG69A,2019,1,2,5,7,2,2,"Mississippi	MS",5,13,,1,3,6,6,6,2,1998,2,1,,2,2,1,
10/1/19 10:40,10/1/19 10:46,R_UPEStWzj1d93Clr,2019,3,2,5,14,2,1,"Alaska	AK",5,6,,2,3,5,5,5,4,1995,2,1,,2,2,1,
1/22/19 9:04,1/22/19 9:08,R_1rHzkHexycfXmFr,2019,1,1,2,6,2,2,"Texas	TX",8,13,,1,4,6,5,5,2,1995,2,1,,1,2,3,
1/22/19 9:04,1/22/19 9:08,R_2sBDVGEvA4JZ25X,2019,1,1,1,3,1,4,"District of Columbia	DC",4,12,,1,3,6,4,5,2,1995,2,1,,2,2,1,
10/1/19 10:41,10/1/19 10:44,R_29hb3WYaXJmzEp0,2019,3,2,4,24,2,3,"Texas	TX",7,8,,5,1,6,6,5,2,2000,2,1,,2,2,1,
1/22/19 9:04,1/22/19 9:08,R_3jea5cbdsnJC9s7,2019,1,1,1,6,2,1,"California	CA",4,9,,1,3,4,5,4,2,1993,2,1,,2,2,1,
10/1/19 10:40,10/1/19 10:47,R_2tL4XeEJ2tgEOnM,2019,3,2,4,13,2,1,"Federated States of Micronesia	FM",3,13,,2,2,6,5,5,3,1995,2,1,,2,2,1,
1/22/19 11:08,1/22/19 11:13,R_1E56SwFp5zpySX7,2019,1,2,2,10,2,4,"Nebraska	NE",4,14,Business Consulting,3,2,6,6,5,3,1996,1,1,,2,2,1,
5/9/19 10:21,5/9/19 10:25,R_2WZ0Phay5iZfQLR,2019,2,2,1,27,2,1,"Utah	UT",8,3,,3,2,6,5,6,3,1995,1,1,,1,2,1,
5/10/19 15:34,5/10/19 15:51,R_2Ug5aNMB8BsyMvT,2019,2,1,1,12,2,3,"Washington	WA",4,13,,5,3,4,4,3,2,1996,2,1,,2,2,1,
10/1/19 10:40,10/1/19 10:45,R_3kcwQhVI6RiQhrh,2019,3,2,2,20,1,1,"Kansas	KS",3,11,,1,4,6,6,6,1,1992,2,1,,3,1,7,
5/9/19 8:16,5/9/19 8:22,R_1mszJsIAJVNiOPT,2019,2,1,1,6,2,3,"Puerto Rico	PR",7,13,,1,3,6,6,6,2,1995,2,1,,1,1,1,
1/22/19 9:08,1/22/19 9:11,R_1CBFKMwMLnV7UtJ,2019,1,1,2,5,2,2,"Arkansas	AR",6,13,,1,3,5,4,4,5,1993,2,1,,2,2,1,
1/22/19 9:04,1/22/19 9:09,R_1pnToggQVXzW9zY,2019,1,1,1,3,2,2,"Hawaii	HI",7,13,,5,4,5,4,4,4,1993,2,1,,2,2,1,
10/1/19 10:41,10/1/19 10:45,R_1Kg7J6YTW4MzZBm,2019,3,2,2,4,2,1,"Rhode Island	RI",7,14,Military,3,2,5,5,4,4,1991,1,1,,3,2,4,
5/9/19 10:21,5/9/19 10:26,R_2rkzJMOK0C4NBug,2019,2,2,1,29,2,1,"Palau	PW",4,13,,3,3,5,4,4,4,1994,1,1,,2,2,6,European American
5/9/19 10:21,5/9/19 10:29,R_BEbWurgk31qQw5b,2019,2,2,1,2002,2,1,"New York	NY",2,11,,5,2,3,3,3,4,1997,2,1,,2,2,1,
1/22/19 9:04,1/22/19 9:09,R_2v8JPJKLcISMbcK,2019,1,1,1,12,2,2,"District of Columbia	DC",9,12,,1,4,6,5,5,2,1995,2,1,,2,2,1,
10/1/19 10:41,10/1/19 10:45,R_R3sZrn77AGb1WmZ,2019,3,2,1,23,2,3,"Alaska	AK",5,1,,1,3,5,5,5,5,1995,1,1,,2,2,1,
1/22/19 11:08,1/22/19 11:13,R_XHdGdndaUw7Cfol,2019,1,2,2,7,2,2,"Kansas	KS",7,3,,5,2,6,5,3,4,1998,2,1,,2,2,1,
1/22/19 9:04,1/22/19 9:12,R_6xPNpdsY3xWTFC1,2019,1,1,1,22,2,4,"Northern Mariana Islands	MP",2,13,,1,4,5,6,5,2,1993,1,1,,2,2,1,
5/9/19 8:16,5/9/19 8:22,R_31a2oNlwVpza0k8,2019,2,1,5,7,3,3,"Alaska	AK",5,6,,3,3,6,5,6,7,1996,1,1,,3,1,6,Peruvian
1/22/19 11:08,1/22/19 11:15,R_2VR6pi3QVHsgscu,2019,1,2,2,73,2,2,"New Mexico	NM",7,14,Pro mma fighter,2,2,6,7,6,3,1993,1,1,,2,2,1,
5/9/19 8:16,5/9/19 8:22,R_2BlJYzdNsQ9rwwO,2019,2,1,2,13,2,2,"Idaho	ID",3,5,,3,4,6,4,5,2,1998,2,1,,1,1,6,Mexican
5/9/19 10:21,5/9/19 10:29,R_31vF9RZhiTsLLi5,2019,2,2,2,22,1,1,"Florida	FL",7,13,,5,1,5,5,5,3,1996,1,1,,2,2,1,
5/9/19 8:16,5/9/19 8:22,R_6on42d5LNKLiBih,2019,2,1,2,4,2,2,"Rhode Island	RI",9,8,,5,3,,6,6,2,1996,2,1,,1,1,7,
1/22/19 9:04,1/22/19 9:08,R_2vdDZ8zBVRIAwWV,2019,1,1,2,24,2,2,"Puerto Rico	PR",5,14,Actor ,1,3,6,6,7,1,1992,1,1,,2,2,1,
10/1/19 10:40,10/1/19 10:45,R_cZVo6tCKmkiRFu1,2019,3,2,1,21,5,1,"Wyoming	WY",7,14,Skydiving Instructor,1,3,6,5,5,2,1997,2,1,,2,2,1,
1/22/19 9:04,1/22/19 9:08,R_8JsJufF7xYRnWDL,2019,1,1,1,4,2,2,"Idaho	ID",8,11,,5,3,4,4,3,5,1994,2,1,,2,2,1,
1/22/19 9:04,1/22/19 9:08,R_qW4tlmmWSKXNGMN,2019,1,1,2,7,2,2,"Hawaii	HI",5,13,,2,2,3,3,3,6,1995,1,1,,2,2,1,
5/9/19 8:16,5/9/19 8:21,R_1hQmXKc1SRBuuGW,2019,2,1,2,3,1,1,"California	CA",7,13,,3,4,7,5,6,1,1996,1,1,,2,2,1,
1/22/19 9:04,1/22/19 9:07,R_2CfzFPbk6ClMk00,2019,1,1,2,3,2,1,"New Jersey	NJ",9,13,,2,1,6,5,6,2,1992,1,1,,2,2,1,
10/1/19 10:40,10/1/19 10:44,R_3oIaqYx6RZ4GGUR,2019,3,2,2,3,2,2,"Texas	TX",7,1,,5,2,7,6,7,1,1983,1,1,,1,1,7,
5/8/18 9:18,5/8/18 9:24,R_2as1imTUZTSXbK7,2018,2,1,2,23,2,2,"North Dakota	ND",7,13,,3,2,5,4,4,1,1994,1,1,,2,2,1,
5/8/18 9:19,5/8/18 9:24,R_1jxMFqIQZaCCIbo,2018,2,1,5,27,2,1,"Guam	GU",2,5,,1,2,4,3,3,3,1991,1,1,,1,1,6,Hispanic/Japanese
10/2/18 11:14,10/2/18 11:18,R_USkdBbMTLnfseA1,2018,3,2,2,67,2,2,"Utah	UT",2,12,,2,3,5,5,4,1,1994,2,1,,2,2,1,
5/8/18 11:08,5/8/18 11:11,R_3MRqs8AVm3V24aU,2018,2,2,2,52,2,4,"Wyoming	WY",6,3,,1,3,5,5,5,2,1997,2,1,,2,2,1,
5/8/18 11:32,5/8/18 11:38,R_RQgTgwOhbMTqZzj,2018,2,2,4,18,2,2,"Alaska	AK",7,11,,5,3,5,5,5,1,1995,2,1,,2,2,1,
10/2/18 8:20,10/2/18 8:24,R_1lgfT9QD6nv4a6y,2018,3,1,2,3,2,2,"Guam	GU",5,13,,1,1,5,4,3,1,1998,2,1,,2,2,1,
10/2/18 11:14,10/2/18 11:20,R_1KqC3C2jhs6tS6T,2018,3,2,5,17,2,2,"Wyoming	WY",9,12,,1,1,5,3,4,3,1998,2,1,,2,2,1,
10/2/18 11:14,10/2/18 11:16,R_rpv9Q5vaRN2rEGJ,2018,3,2,2,1,2,2,"Washington	WA",7,3,,2,3,4,3,3,2,1996,2,1,,2,2,1,
10/2/18 11:14,10/2/18 11:17,R_1mlXHvhvdYm9DYq,2018,3,2,2,2,2,2,"Idaho	ID",7,4,,1,3,4,5,3,5,1995,1,1,,2,1,1,
10/2/18 11:17,10/2/18 11:30,R_2V3GTaCIJYwKwza,2018,3,2,1,27,2,2,"Texas	TX",6,13,,5,3,4,2,4,4,1993,1,1,,1,2,1,
10/2/18 11:14,10/2/18 11:15,R_12okQkdICkDrKRS,2018,3,2,4,5,2,2,"Utah	UT",5,13,,3,1,5,5,6,0,1997,2,1,,2,2,1,
5/8/18 9:18,5/8/18 9:23,R_1Hdv745HnAKktL6,2018,2,1,1,3,2,2,"Alaska	AK",9,13,,2,2,5,5,4,1,1996,2,1,,2,2,1,
5/8/18 11:07,5/8/18 11:11,R_1l9SYnsqXbwt5OQ,2018,2,2,1,4,2,2,"New York	NY",10,13,,1,3,5,5,4,1,1991,2,1,,3,2,1,
5/8/18 11:08,5/8/18 11:12,R_2VPguUEMnLUHOOO,2018,2,2,1,7,2,2,"Kansas	KS",4,13,,5,3,5,4,4,1,1995,1,1,,2,2,1,
10/2/18 8:19,10/2/18 8:26,R_12orf5tU54yAqAW,2018,3,1,4,7,2,2,"Idaho	ID",7,13,,1,2,5,4,4,0,1995,2,1,,1,1,6,Mexican
5/8/18 9:18,5/8/18 9:23,R_2RQEm4h22iD3C6n,2018,2,1,2,36,2,3,"Indiana	IN",9,13,,1,2,5,4,4,2,1995,2,1,,2,2,1,
10/2/18 11:14,10/2/18 11:18,R_1DuKLc3LCXakPhJ,2018,3,2,1,7,2,2,"Alaska	AK",5,13,,1,3,4,3,2,3,1993,2,1,,2,2,1,
5/8/18 11:07,5/8/18 11:11,R_AL65UENGIXvmOnD,2018,2,2,1,3,2,1,"Texas	TX",9,4,,5,3,6,5,4,1,1997,1,1,,2,2,1,
5/8/18 11:08,5/8/18 11:11,R_3DbEkdiE6MiGlbq,2018,2,2,4,7,2,2,"Kansas	KS",3,9,,2,2,6,4,4,1,1997,2,1,,2,2,1,
10/2/18 11:16,10/2/18 11:19,R_3npzhAQXlzfoLQB,2018,3,2,2,12,2,1,"New York	NY",7,5,,3,1,5,5,5,2,1990,1,1,,2,2,1,
5/8/18 11:07,5/8/18 11:11,R_2rkEAofUtafBqYZ,2018,2,2,1,5,2,3,"Alaska	AK",2,13,,2,1,5,4,5,2,1994,1,1,,2,2,1,
10/2/18 8:20,10/2/18 8:24,R_24jbozHlHYwLkdP,2018,3,1,1,506,2,1,"Hawaii	HI",3,11,,5,2,4,4,5,3,1996,2,1,,2,2,1,
5/8/18 9:18,5/8/18 9:24,R_2sQNUIKbA4IxrqG,2018,2,1,1,45,2,1,"Florida	FL",10,13,,5,2,3,2,3,1,1998,2,1,,2,2,1,
10/2/18 8:19,10/2/18 8:24,R_3EzIU2aGfS1PmPh,2018,3,1,1,6,2,1,"Texas	TX",6,13,,5,1,5,5,4,4,1996,2,1,,2,2,1,
5/8/18 9:18,5/8/18 9:22,R_rjcsavkjWFTZya5,2018,2,1,1,7,2,1,"Texas	TX",5,13,,1,1,3,2,3,2,1995,2,1,,2,2,1,
5/8/18 11:08,5/8/18 11:12,R_2ysj99nULFYTPbF,2018,2,2,1,381,2,1,"New York	NY",8,13,,3,3,5,5,5,2,1995,2,1,,2,2,1,
10/2/18 8:20,10/2/18 8:24,R_2rYCETc4t2Gx8xy,2018,3,1,1,7,2,1,"Maine	ME",4,5,,1,3,5,4,3,1,1996,1,1,,2,2,1,
10/2/18 8:19,10/2/18 8:25,R_1eqHimCOhQOIUtn,2018,3,1,2,34,2,2,"Utah	UT",8,13,,1,2,5,3,5,1,1994,1,1,,1,1,1,
10/2/18 9:46,10/2/18 9:51,R_3rTjmi3LnlAaP1B,2018,3,1,1,7,2,1,"California	CA",6,13,,4,4,5,4,3,1,1996,2,1,,3,2,1,
10/2/18 11:14,10/2/18 11:17,R_W9D97b6nmfJAupb,2018,3,2,2,6,1,2,"Utah	UT",8,1,,1,2,6,4,4,0,1994,1,1,,2,2,1,
5/8/18 9:18,5/8/18 9:22,R_0Nb2MDO25Qq03sJ,2018,2,1,2,9,1,2,"Idaho	ID",6,13,,1,2,6,4,6,0,1996,1,1,,1,2,5,
5/8/18 11:07,5/8/18 11:10,R_VIJ2fNzW9jG3eEh,2018,2,2,1,12,1,3,"Guam	GU",5,11,,1,4,5,1,5,1,1996,2,1,,2,2,1,
5/8/18 9:19,5/8/18 9:24,R_3iJf2eNlWNguS0A,2018,2,1,1,5,2,2,"Tennessee	TN",10,13,,5,2,4,3,3,2,1995,2,1,,2,2,1,
10/2/18 8:19,10/2/18 8:23,R_Dw9L0kIboe03yOl,2018,3,1,2,7,2,2,"Puerto Rico	PR",3,12,,5,2,4,3,3,,1997,2,1,,2,2,1,
10/2/18 11:14,10/2/18 11:17,R_1dhHDFkdgTUhgnj,2018,3,2,1,32,2,1,"District of Columbia	DC",8,12,,1,2,4,5,4,1,1996,2,1,,2,2,1,
5/8/18 9:18,5/8/18 9:22,R_SIajwSjT1gur5iF,2018,2,1,1,10,5,2,"Texas	TX",1,13,,5,2,6,4,3,4,1996,2,1,,2,2,1,
5/8/18 11:07,5/8/18 19:09,R_1f9jigYWj2TADIH,2018,2,3,1,15,2,2,"Federated States of Micronesia	FM",4,13,,5,3,5,4,5,2,1997,1,1,,2,2,1,
10/2/18 11:14,10/2/18 11:18,R_5dJnebVngDfoykN,2018,3,2,1,72,2,2,"Nebraska	NE",6,3,,5,4,5,4,3,1,1996,2,1,,2,2,1,
10/2/18 8:19,10/2/18 8:24,R_wO8iobydgiGQXhn,2018,3,1,1,5,2,2,"New York	NY",9,13,,5,2,4,4,3,2,1995,2,1,,2,2,1,
10/2/18 11:17,10/2/18 11:33,R_1QipL96Hoa5lCiB,2018,3,2,1,13,2,2,"Alaska	AK",10,13,,4,4,3,3,1,4,1999,2,1,,2,2,1,
5/8/18 9:19,5/8/18 9:23,R_Z4tJH2ypGEDxEdP,2018,2,1,4,3000,2,2,"Oregon	OR",7,4,,2,2,6,6,3,3,1995,2,1,,1,2,4,
5/8/18 9:18,5/8/18 9:21,R_O6HikMHufVnOgzD,2018,2,1,2,9,2,2,"Nevada	NV",9,13,,5,2,4,3,3,3,1998,2,1,,2,2,1,
10/2/18 8:19,10/2/18 8:24,R_9prl1fK0o7DBDup,2018,3,1,1,37,2,1,"Alaska	AK",6,12,,3,2,6,4,6,0,1995,2,1,,2,2,1,
10/2/18 8:19,10/2/18 8:23,R_25EZZlt7a66CLl1,2018,3,1,1,50,2,2,"New York	NY",5,13,,5,1,3,2,3,3,1994,2,1,,1,2,1,
5/8/18 9:18,5/8/18 9:22,R_3nC6D3fRarWQqgl,2018,2,1,2,5,2,2,"Puerto Rico	PR",8,9,,5,2,4,3,2,1,1997,2,1,,2,2,1,
10/2/18 8:19,10/2/18 8:25,R_31ntGRK8TkrqrAo,2018,3,1,1,7,2,2,"Wisconsin	WI",7,13,,1,3,4,4,4,2,1996,2,1,,2,2,1,
5/8/18 9:20,5/8/18 9:24,R_1NemuLUWq6JYlQL,2018,2,1,1,18,2,2,"Palau	PW",2,6,,2,1,5,4,6,0,1996,2,1,,2,2,1,
5/8/18 9:19,5/8/18 9:23,R_33vDeOqt1fULY83,2018,2,1,2,7,2,1,"Alaska	AK",6,12,,1,2,4,5,3,2,1995,2,1,,2,2,1,
10/2/18 11:14,10/2/18 11:17,R_10Nu4k7ORZ7H1Mg,2018,3,2,2,12,1,3,"Colorado	CO",8,5,,1,1,1,2,1,3,1991,1,1,,1,2,4,
5/8/18 11:08,5/8/18 11:10,R_1CrwmVtiXmeQlNw,2018,2,2,2,542,1,1,"Federated States of Micronesia	FM",5,11,,5,3,6,4,5,0,1980,1,1,,2,2,1,
10/2/18 8:22,10/2/18 8:28,R_cZVQUzKjkau2t3z,2018,3,1,1,2,2,2,"Iowa	IA",9,13,,1,2,4,4,4,3,1995,2,1,,2,2,1,
10/2/18 8:19,10/2/18 8:23,R_2pPKb3yFNZ0kKKF,2018,3,1,1,16,2,1,"Arizona	AZ",4,13,,5,1,5,3,3,2,1995,2,1,,2,2,1,
5/8/18 17:23,5/8/18 17:38,R_2CZixADIkgvdE7a,2018,2,2,2,3,2,3,"Alaska	AK",10,13,,5,3,3,3,2,2,1991,1,1,,2,2,1,
5/8/18 9:18,5/8/18 9:23,R_31Kw6V1aG4Wydyd,2018,2,1,2,3,2,2,"American Samoa	AS",3,14,Family Therapist ,2,3,6,4,3,0,1995,2,1,,2,2,1,
5/8/18 9:18,5/8/18 9:23,R_wNuMPg6hGJSLyeJ,2018,2,1,2,4,2,1,"American Samoa	AS",7,12,,1,2,5,4,6,1,1995,2,1,,2,2,1,
5/8/18 11:07,5/8/18 11:11,R_1LzgIex4DAi0qUx,2018,2,2,2,12,2,1,"New Mexico	NM",4,13,,4,3,4,4,3,2,1993,2,1,,2,2,1,
5/8/18 9:19,5/8/18 9:24,R_3MhdhmORdtquj8H,2018,2,1,2,103,2,2,"Guam	GU",3,13,,2,2,4,4,5,2,1992,1,1,,2,2,1,
5/8/18 9:18,5/8/18 9:23,R_3nJEUIJnoNGN6Mn,2018,2,1,2,7,2,2,"Hawaii	HI",7,8,,1,2,6,5,5,0,1991,2,1,,2,2,1,
10/2/18 11:15,10/2/18 11:17,R_AhUZfTyIM69G7br,2018,3,2,2,4,2,3,"Indiana	IN",9,13,,5,4,6,4,6,1,1997,2,1,,1,1,7,
5/8/18 9:18,5/8/18 9:21,R_2ymgN01owkOiNxP,2018,2,1,3,5,2,1,"Utah	UT",7,13,,5,2,6,5,4,0,1996,1,1,,2,2,1,
5/8/18 9:18,5/8/18 9:23,R_2rI0Rylh1X4owrz,2018,2,1,1,7,1,1,"California	CA",4,14,Human Resources ,1,3,6,6,6,0,1988,2,1,,1,2,6,Mediterranean 
10/2/18 11:14,10/2/18 11:17,R_3PRaUUpxqsthSgd,2018,3,2,2,7,2,1,"Colorado	CO",9,4,,3,4,4,3,4,3,1996,1,1,,2,2,1,
10/2/18 8:19,10/2/18 8:25,R_1DoExTyYzTlKsAG,2018,3,1,4,5,2,3,"New York	NY",3,6,,2,2,4,3,4,3,1986,2,1,,1,2,4,
10/2/18 11:14,10/2/18 11:19,R_3oByUB9fWO27E5f,2018,3,2,2,12,1,2,"Idaho	ID",8,5,,1,2,4,5,4,3,1999,2,1,,2,2,1,
10/2/18 8:19,10/2/18 8:23,R_1gCrKipljnKrM0j,2018,3,1,2,5,2,2,"Idaho	ID",7,13,,5,2,6,6,6,0,1996,2,1,,2,2,1,
5/8/18 9:18,5/8/18 9:22,R_2f9RQkvIQVmgTce,2018,2,1,4,52,2,2,"Alaska	AK",3,1,,5,2,6,6,4,1,1996,1,1,,2,2,1,
10/2/18 8:20,10/2/18 8:24,R_WlzueerFY37faWl,2018,3,1,1,7,2,2,"Wisconsin	WI",9,9,,5,2,5,5,4,2,1997,1,1,,2,2,1,
5/8/18 9:19,5/8/18 9:22,R_eJzObdMkB89yOsh,2018,2,1,1,6,2,2,"Arizona	AZ",6,13,,5,2,5,4,4,2,2000,2,1,,2,2,1,
10/2/18 8:19,10/2/18 8:26,R_3EbUE9h1aLahqbH,2018,3,1,2,13,2,2,"Puerto Rico	PR",7,3,,5,2,5,4,5,1,1997,2,1,,2,2,1,
10/2/18 11:14,10/2/18 11:17,R_AFJqhhIBrRQg0gx,2018,3,2,1,17,2,1,"Minnesota	MN",7,13,,1,3,3,2,3,1,1997,2,1,,2,2,1,
5/8/18 9:19,5/8/18 9:23,R_33DanEHHwB5zmwU,2018,2,1,2,90,2,1,"New York	NY",5,13,,3,2,4,5,4,2,1994,1,1,,2,2,1,
5/8/18 9:18,5/8/18 9:22,R_3k1aS2u5JrFE4I0,2018,2,1,1,6,2,2,"North Dakota	ND",4,8,,2,2,5,5,5,0,1995,1,1,,2,2,1,
5/8/18 9:18,5/8/18 9:22,R_32WpsV2eyNHcTKQ,2018,2,1,1,3,2,2,"Louisiana	LA",7,6,,2,2,5,5,4,0,1993,1,1,,2,2,1,
5/8/18 11:06,5/8/18 11:09,R_3irILRcKP49ZBA3,2018,2,2,1,10,2,2,"Kansas	KS",3,13,,5,4,6,6,6,0,1994,1,1,,3,1,7,
10/2/18 8:19,10/2/18 8:24,R_3kch6HElaFFNtHH,2018,3,1,2,23,1,2,"Alaska	AK",4,13,,1,2,4,3,2,5,1997,2,1,,2,2,1,
5/8/18 11:07,5/8/18 11:10,R_1g5A2wMazvb4Enx,2018,2,2,1,3,2,2,"Alaska	AK",9,12,,1,3,5,3,4,2,1995,2,1,,2,2,1,
10/2/18 11:14,10/2/18 11:16,R_3qkAae0T0pXw8UE,2018,3,2,4,3,2,2,"Idaho	ID",9,13,,1,2,5,4,4,2,1998,2,1,,1,2,5,
10/2/18 8:19,10/2/18 8:25,R_1hXB9K0CTfkVbps,2018,3,1,2,4,1,2,"Idaho	ID",8,1,,1,2,5,5,5,2,1984,1,1,,1,1,2,
10/2/18 11:14,10/2/18 11:17,R_1j6NgPxCoDiBZoJ,2018,3,2,2,53,2,2,"California	CA",7,12,,2,3,4,3,3,1,1996,2,1,,2,2,1,
10/2/18 8:19,10/2/18 8:25,R_TqjpuoiOOZLBS3D,2018,3,1,5,7,2,1,"American Samoa	AS",5,12,,1,3,4,4,3,0,1996,2,1,,2,2,1,
5/8/18 9:19,5/8/18 9:22,R_2rSi1EEB9Fv5o6Z,2018,2,1,1,7,2,2,"Idaho	ID",10,13,,3,2,4,2,3,3,1996,1,1,,2,2,1,
5/8/18 11:09,5/8/18 11:12,R_1I4xGxdIEmOI91U,2018,2,2,2,65,2,2,"Alaska	AK",8,13,,5,2,4,3,2,1,1997,2,1,,2,2,1,
10/2/18 8:19,10/2/18 8:24,R_cZqNEhSlnX87RCN,2018,3,1,3,224,2,1,"Utah	UT",6,11,,1,2,3,1,1,6,1995,2,1,,2,1,1,
10/2/18 11:17,10/2/18 11:25,R_3r0sXfdmoI6zune,2018,3,2,1,25,2,2,"Texas	TX",7,9,,1,4,6,6,5,1,1995,1,1,,2,2,1,
5/8/18 9:18,5/8/18 9:22,R_1gzKzRm0T3OjezN,2018,2,1,1,17,2,2,"Guam	GU",3,13,,2,1,5,5,5,2,1994,1,1,,2,2,1,
10/2/18 8:20,10/2/18 8:25,R_24qpNSiHAFrpFiR,2018,3,1,1,17,2,1,"Alaska	AK",3,4,,5,2,4,4,2,3,1996,2,1,,1,1,1,
5/8/18 9:18,5/8/18 9:22,R_1i59HAr2vk76bWs,2018,2,1,3,14,2,1,"Colorado	CO",4,9,,1,2,4,5,3,1,1989,1,1,,2,2,1,
5/8/18 11:08,5/8/18 11:11,R_dbur7BiWAIT6rWF,2018,2,2,2,10,2,2,"Guam	GU",5,13,,2,4,4,4,5,3,1998,2,1,,2,2,1,
10/2/18 8:19,10/2/18 8:24,R_3CQmvqoe4q481oz,2018,3,1,1,5,2,1,"New York	NY",9,13,,2,2,4,3,4,2,1999,2,1,,2,2,1,
5/8/18 9:18,5/8/18 9:23,R_2E69pyOdmPpu704,2018,2,1,1,48,2,2,"Federated States of Micronesia	FM",7,7,,5,1,3,2,3,4,1988,1,1,,2,2,1,
5/8/18 9:18,5/8/18 9:21,R_3HXJ0qZGfVDlDaG,2018,2,1,1,2,2,2,"Alaska	AK",2,13,,5,2,4,2,3,4,1998,2,1,,2,2,1,
10/2/18 8:19,10/2/18 8:26,R_1mPHUqPKn5VamGK,2018,3,1,1,2,2,1,"Rhode Island	RI",1,11,,4,1,3,2,4,4,1994,1,1,,2,2,1,
5/8/18 9:18,5/8/18 9:22,R_3qkRBKf0CKN488I,2018,2,1,5,12,2,2,"Federated States of Micronesia	FM",7,13,,2,2,4,3,3,4,1996,1,1,,2,2,1,
10/2/18 11:14,10/2/18 11:17,R_12tYS9FlDoCXH21,2018,3,2,2,7,2,2,"Alaska	AK",2,13,,3,3,5,5,5,0,1997,1,1,,2,2,1,
10/2/18 11:16,10/2/18 11:18,R_24jFWUBZHViQ4DO,2018,3,2,1,15,1,2,"Utah	UT",3,14,Diplomacy,5,1,6,5,5,,1995,1,1,,2,2,1,
5/8/18 9:18,5/8/18 9:23,R_2QMXGMTwZdxumNE,2018,2,1,2,11,2,2,"Federated States of Micronesia	FM",5,12,,5,2,5,4,4,2,1994,2,1,,2,1,7,
5/8/18 11:07,5/8/18 11:11,R_bavQG62rXL68yul,2018,2,2,1,7,2,3,"Palau	PW",7,11,,1,2,4,4,4,3,1994,1,1,,2,2,1,
5/8/18 9:18,5/8/18 9:24,R_31z0IrV4BVemCx6,2018,2,1,5,6,5,1,"New Mexico	NM",6,14,,1,2,5,5,4,2,1993,1,1,,1,2,2,
5/8/18 11:07,5/8/18 11:10,R_W2sB3mH1nC1fL6p,2018,2,2,2,18,1,3,"Arizona	AZ",7,13,,1,3,5,4,3,2,1995,2,1,,2,2,1,
5/8/18 11:08,5/8/18 11:11,R_22PJhNjtcV2tqXe,2018,2,2,1,-36,2,2,"Alaska	AK",3,13,,2,3,6,4,4,1,1996,1,1,,2,2,1,
5/8/18 9:18,5/8/18 9:24,R_ZCrrGMcRrZNyka5,2018,2,1,2,3,2,2,"Utah	UT",6,6,,5,2,4,4,4,2,1995,2,1,,1,2,4,
10/2/18 8:19,10/2/18 8:23,R_3iJSoiDlDHRN5RR,2018,3,1,1,7,2,1,"Federated States of Micronesia	FM",9,13,,5,2,4,4,4,2,1995,2,1,,1,2,4,
5/9/19 10:21,5/9/19 10:28,R_2YfBploeUdDA3gr,,2,2,1,9,2,1,"Missouri	MO",2,13,,1,2,6,6,6,2,1993,2,1,,1,1,6,HISPANIC
5/8/18 11:08,5/8/18 11:12,R_26nfVK81pQHwdPk,,2,2,1,4,2,2,"Arizona	AZ",3,3,,4,3,4,4,4,2,1994,2,1,,1,2,4,
5/9/19 8:16,5/9/19 8:20,R_3p4N8NiHKIUSCHz,,2,1,1,7,2,2,"Minnesota	MN",2,13,,5,4,7,6,6,2,1996,1,1,,2,2,1,
5/9/19 8:16,5/9/19 8:21,R_2SdXccT85LwWX3K,,2,1,3,12,2,1,"Federated States of Micronesia	FM",6,8,,1,2,6,6,6,2,1996,2,1,,2,2,1,
10/2/18 11:14,10/2/18 11:16,R_6sP9fryfBRkUaDD,,3,2,2,6,2,2,"Utah	UT",3,13,,3,2,4,5,6,2,1996,2,1,,2,2,1,
5/8/18 11:08,5/8/18 11:12,R_3qCI7iIDCFbu7R0,,2,2,5,12,2,1,"District of Columbia	DC",6,2,,2,3,4,3,4,2,1994,1,1,,2,2,1,
1/28/20 17:43,1/28/20 17:54,R_1mqOnp69QxtgpKE,,1,2,1,10,2,3,"Idaho	ID",5,6,,,2,5,4,4,4,1989,2,1,,1,1,7,
1/22/19 9:04,1/22/19 9:08,R_3L6EKTgxjpG2sF4,,1,1,4,2,1,3,"Arizona	AZ",2,3,,5,3,5,4,4,3,1996,2,1,,1,1,1,
1/28/20 12:09,1/28/20 12:19,R_4UfRqLlk0Z6NUKB,,1,2,1,5,2,2,"Puerto Rico	PR",4,13,,3,3,2,3,5,5,1993,2,1,,3,2,1,
10/2/18 11:39,10/2/18 11:41,R_887cgMjaopURVAd,,3,2,2,4,2,3,"Arizona	AZ",5,13,,5,3,3,4,3,4,1993,1,1,,2,2,1,
5/9/19 10:21,5/9/19 10:26,R_1LdkTuGxtxBluEC,,2,2,1,24,2,2,"Alaska	AK",6,13,,3,3,5,,5,3,1996,1,1,,2,2,1,
5/8/18 9:18,5/8/18 9:24,R_9YmkXCwQ6Je30fn,,2,1,2,7,2,2,"Federated States of Micronesia	FM",5,13,,2,2,5,4,5,1,1994,1,1,,2,2,1,
1/28/20 20:52,1/28/20 21:01,R_TgYdXlYnLyIcWxr,,1,2,1,7,2,2,"New York	NY",9,13,,5,3,6,,5,2,1996,1,1,,2,2,1,
5/8/18 9:18,5/8/18 9:24,R_2QPAJIKfQFPmZdA,,2,1,2,7,2,2,"Idaho	ID",3,13,,1,1,5,5,3,5,1995,2,1,,2,2,1,
1/22/19 11:09,1/22/19 11:14,R_xrz3LJZqzwBO2R3,,1,2,2,32,2,4,"New York	NY",5,,,5,2,5,4,3,3,1987,2,1,,1,2,1,
10/2/18 11:15,10/2/18 11:25,R_3fBhfBdQZ1eQAU5,,3,2,2,7,2,2,"Alaska	AK",4,14,Favorite food is pizza,1,3,4,4,4,3,1994,1,1,,1,2,2,
10/2/18 8:19,10/2/18 8:23,R_qVIBJhs2lZGbwNr,,3,1,2,4,2,2,"Utah	UT",6,9,,1,2,5,3,3,2,1996,1,1,,2,2,1,
5/8/18 9:18,5/8/18 9:21,R_20UUbEf4xCibFwf,,2,1,2,3,2,1,"Washington	WA",3,3,,,2,5,5,5,3,1993,2,1,,2,2,4,
5/8/18 11:07,5/8/18 11:10,R_3oSkzt4lolFLOTB,,2,1,1,67,2,2,"Arizona	AZ",7,8,,2,1,4,3,3,4,1993,1,1,,2,2,1,
1/28/20 13:16,1/28/20 13:21,R_1pQkyyzLtlj4ogp,,1,2,4,7,2,2,"Virgin Islands	VI",3,13,,5,3,4,2,3,5,2001,2,1,,2,2,1,
10/2/18 11:14,10/2/18 11:19,R_2zJ8Hj9vZroVxBs,,3,2,1,54,5,2,"Florida	FL",4,13,,1,3,6,6,6,1,1994,2,1,,1,1,1,
1/22/19 9:04,1/22/19 9:08,R_3PBkzJ6VJJou196,,1,1,1,7,2,3,"Mississippi	MS",6,14,HR,1,3,5,5,4,1,1994,2,1,,3,2,4,
5/9/19 8:18,5/9/19 8:24,R_SBhZVRGOmeRXpEl,,2,1,1,6,5,4,"Wyoming	WY",7,5,,2,4,6,5,4,3,1999,2,1,,3,1,7,
10/2/18 8:19,10/2/18 8:24,R_XLYpTxi5d7R6Gbf,,3,1,2,7,1,2,"Oklahoma	OK",3,9,,1,2,4,3,4,1,1997,2,1,,1,1,1,
10/2/18 8:19,10/2/18 8:25,R_3KPc3fApAgpP0DE,,3,1,1,13,1,2,"Connecticut	CT",7,13,,5,2,5,5,5,1,1995,1,1,,2,2,1,
1/22/19 11:08,1/22/19 11:13,R_2YIXON3QVuHYHQi,,1,2,1,2,2,1,"New York	NY",4,13,,3,2,6,5,5,1,1996,2,1,,1,1,1,
10/2/18 11:14,10/2/18 11:24,R_033jnDqch5TS83D,,3,2,1,4,2,2,"Washington	WA",9,5,,5,3,6,6,6,0,1995,1,1,,2,2,1,
10/2/18 11:14,10/2/18 11:16,R_vcOdafGI86jjAB3,,3,2,2,8,2,1,"California	CA",3,2,,2,2,4,3,2,5,1991,1,1,,2,2,1,
10/1/19 10:41,10/1/19 10:45,R_BzGVHPCoES5wcYp,,3,2,1,7,2,2,"Alaska	AK",9,3,,2,4,5,,2,6,1996,2,1,,2,2,1,
5/8/18 11:07,5/8/18 11:12,R_2CfclwhL2dDO6y6,,2,2,1,666,2,2,"Alaska	AK",6,3,,1,2,6,5,5,1,1990,2,1,,1,1,1,
1/22/19 9:04,1/22/19 9:09,R_efgZb2v7MgSBcTD,,1,1,7,6,2,3,"New York	NY",3,4,,2,3,5,5,4,3,2001,2,1,,2,2,1,
10/2/18 11:14,10/2/18 11:18,R_3lAHWMfM0jAaj8c,,3,2,1,7,2,1,"Rhode Island	RI",7,13,,5,3,6,4,5,1,1999,2,1,,2,2,1,
5/8/18 9:18,5/8/18 9:21,R_yO6ttFITCqSEDst,,2,1,4,27,2,1,"Guam	GU",7,5,,3,3,6,5,6,1,1995,1,1,,2,2,1,
5/9/19 8:16,5/9/19 8:21,R_3HLG0YbZB5pRhgn,,2,1,1,72,2,3,"Nebraska	NE",9,13,,3,3,5,4,4,3,1997,2,1,,2,2,1,