,condition,conditionF,frame,frameF,Duration (in seconds),ResponseId,scenario,scenarioF,response
7,punishment,0,fix,0,113,R_1espPXdiZoFuhpP,insurance,0,0
16,punishment,0,fix,0,95,R_7nPNWBQ8hKzMn4z,insurance,0,0
49,punishment,0,fix,0,151,R_7pzB6hPC2yTx1N7,insurance,0,0
61,punishment,0,fix,0,226,R_5v81zWi4ZWn7cvg,insurance,0,0
76,punishment,0,fix,0,100,R_1f6HFIxkZVjpLHP,insurance,0,0
94,punishment,0,fix,0,202,R_6gMCMWtvYEGOlA3,insurance,0,1
103,punishment,0,fix,0,9482,R_5VoSxA0NUHwTiZr,insurance,0,0
109,punishment,0,fix,0,161,R_1Rp4jrSwYJEPoZz,insurance,0,0
118,punishment,0,fix,0,165,R_7y3nT89qBpW7efb,insurance,0,0
121,punishment,0,fix,0,2241,R_1eqXfjH4EvvImwx,insurance,0,
124,punishment,0,fix,0,117,R_5lrQzuks20UDQcm,insurance,0,0
136,punishment,0,fix,0,106,R_7GW9kFULHdHI6Rb,insurance,0,0
142,punishment,0,fix,0,731,R_63OwqFXIdzWxUpH,insurance,0,0
169,punishment,0,fix,0,115,R_6lKzU45BDCj5YGZ,insurance,0,0
190,punishment,0,fix,0,359,R_63fmLER0amzneN6,insurance,0,0
205,punishment,0,fix,0,159,R_6dFpJC1S6Q8z0Pn,insurance,0,1
220,punishment,0,fix,0,174,R_3uPXqlZ4BJ0iCdY,insurance,0,1
223,punishment,0,fix,0,206,R_6ewcyYlz7yyN667,insurance,0,0
229,punishment,0,fix,0,149,R_3WYfQi7ogDvuXv3,insurance,0,0
241,punishment,0,fix,0,554,R_7EHk8Mk5y24D0io,insurance,0,1
259,punishment,0,fix,0,227,R_7BbcCjHWkiCiBJF,insurance,0,1
265,punishment,0,fix,0,157,R_3g71f612os2z8Np,insurance,0,1
289,punishment,0,fix,0,108,R_6Lqh5WAdGWsCwwU,insurance,0,0
295,punishment,0,fix,0,109,R_38EtjO5V2LqQBfX,insurance,0,1
310,punishment,0,fix,0,124,R_6e5GzesPChXoRVv,insurance,0,1
328,punishment,0,fix,0,174,R_7Hc23EvTkxn87JC,insurance,0,0
343,punishment,0,fix,0,102,R_12ir0SBjNuoCnxu,insurance,0,0
358,punishment,0,fix,0,29,R_5DOXnv3IxCGfhzM,insurance,0,
364,punishment,0,fix,0,169,R_63m1fM5ULQ5aNPM,insurance,0,0
370,punishment,0,fix,0,96,R_5X08ZkNeWnt9DXK,insurance,0,0
382,punishment,0,fix,0,106,R_1JUtFkYooPfWM4D,insurance,0,1
394,punishment,0,fix,0,30,R_52ubY1F7agve641,insurance,0,1
397,punishment,0,fix,0,442,R_73eGwLcYRVeaoV3,insurance,0,1
403,punishment,0,fix,0,49,R_5zBAida6FZzhK7u,insurance,0,
409,punishment,0,fix,0,170,R_5ILgQNOgbTMFNKD,insurance,0,0
418,punishment,0,fix,0,170,R_1LIi7nyF0NC1E3p,insurance,0,1
460,punishment,0,fix,0,305,R_5xz70oh3Q8G17kn,insurance,0,0
469,punishment,0,fix,0,142,R_5VO4XSWgoZKl7yP,insurance,0,0
484,punishment,0,fix,0,127,R_5I3jZA7OeTYwDjO,insurance,0,0
490,punishment,0,fix,0,135,R_1xAe4jTOR0STZjo,insurance,0,0
502,punishment,0,fix,0,125,R_3IuPd2MPF6hdLNi,insurance,0,1
508,punishment,0,fix,0,239,R_6y3CUmloTQPC8xf,insurance,0,0
517,punishment,0,fix,0,112,R_6sbH4xzRswqs9nc,insurance,0,0
523,punishment,0,fix,0,180,R_3n1PvVidfRKKy4E,insurance,0,0
550,punishment,0,fix,0,121,R_5z26kwXCJXF5zMt,insurance,0,0
562,punishment,0,fix,0,201,R_5QKT8S0747jYCUj,insurance,0,1
571,punishment,0,fix,0,316,R_6ym6wHcun4eabGk,insurance,0,0
580,punishment,0,fix,0,1026,R_7QDzPbAzD7HwAjP,insurance,0,0
595,punishment,0,fix,0,232,R_1Hw6kHG8eM8qJvV,insurance,0,1
631,punishment,0,fix,0,329,R_7asYcmD8Zp0KT4d,insurance,0,0
640,punishment,0,fix,0,158,R_663kTESEgu3gwVe,insurance,0,0
649,punishment,0,fix,0,162,R_10HPeHrbH7MVLof,insurance,0,0
673,punishment,0,fix,0,50,R_62WksdKtXNOivse,insurance,0,0
691,punishment,0,fix,0,178,R_5SfvPUYmrx5CB8W,insurance,0,1
694,punishment,0,fix,0,109,R_5Au1yEQyx2FURJ7,insurance,0,0
703,punishment,0,fix,0,133,R_7mWvJYLbsAf5M2L,insurance,0,0
712,punishment,0,fix,0,191,R_6k5tm5IHNVNiNDf,insurance,0,0
718,punishment,0,fix,0,216,R_1gbgOGleTprv7JT,insurance,0,0
733,punishment,0,fix,0,354,R_1CJJDZQTYZk43ap,insurance,0,0
766,punishment,0,fix,0,148,R_1DotdSm8TdVs7gd,insurance,0,0
796,punishment,0,fix,0,186,R_6VOARroID4Mmrf1,insurance,0,0
802,punishment,0,fix,0,795,R_641L7Q1RcrHPHbx,insurance,0,1
817,punishment,0,fix,0,196,R_3nu1p4r3EcbjnFL,insurance,0,
823,punishment,0,fix,0,104,R_31uywODrebhe9l4,insurance,0,0
826,punishment,0,fix,0,162,R_6r9b4jKeWHP1SAh,insurance,0,0
838,punishment,0,fix,0,158,R_1EYVVBk74LWPGOX,insurance,0,0
841,punishment,0,fix,0,249,R_6JeCFTjbsheR3w1,insurance,0,0
859,punishment,0,fix,0,153,R_7E4YNad35WcNqy1,insurance,0,0
862,punishment,0,fix,0,79,R_1AZOahPxUfMAnHU,insurance,0,1
865,punishment,0,fix,0,269,R_7WIHqdeta7oAcUR,insurance,0,1
871,punishment,0,fix,0,153,R_5VkZIAWzgWEZYnb,insurance,0,0
877,punishment,0,fix,0,487,R_8mh0zLaQATjCK3C,insurance,0,0
883,punishment,0,fix,0,129,R_6Sv00p6Li3z1tue,insurance,0,0
898,punishment,0,fix,0,108,R_3w6re32mYNMcKIq,insurance,0,0
904,punishment,0,fix,0,172,R_1egABiqgbdoxcCL,insurance,0,1
910,punishment,0,fix,0,115,R_66b7sW8kowS3X1J,insurance,0,0
919,punishment,0,fix,0,200,R_6E4KgbQjm8kDKwL,insurance,0,1
928,punishment,0,fix,0,463,R_37qvDyorsjdtF5w,insurance,0,0
931,punishment,0,fix,0,69,R_7NIHutBn4J5cOJg,insurance,0,0
955,punishment,0,fix,0,218,R_5R8DDhm6MVSzOz3,insurance,0,0
961,punishment,0,fix,0,133,R_1QyWVZZzy6GJx5H,insurance,0,1
967,punishment,0,fix,0,256,R_3VmgAcFCxRrlICI,insurance,0,0
982,punishment,0,fix,0,156,R_77KIrmVCNRh3abD,insurance,0,1
988,punishment,0,fix,0,166,R_6d9vz9q9HLjMLAd,insurance,0,0
994,punishment,0,fix,0,146,R_1g56Vt8GyaGyT2R,insurance,0,0
1015,punishment,0,fix,0,215,R_6h6WVkOxLAExicF,insurance,0,0
1021,punishment,0,fix,0,185,R_5li94TxvsP0J2EC,insurance,0,1
1027,punishment,0,fix,0,120,R_6CC7Cm2ZR0NAiHA,insurance,0,0
1033,punishment,0,fix,0,196,R_682BbqmGhzT3yIF,insurance,0,0
1042,punishment,0,fix,0,150,R_5lyqNgoXNnTLB9l,insurance,0,0
1048,punishment,0,fix,0,142,R_6RNZKvdp8VAe4nf,insurance,0,0
1063,punishment,0,fix,0,122,R_5jg1xacWetyIFtj,insurance,0,0
1069,punishment,0,fix,0,126,R_5FyNSLRtCZWLuxJ,insurance,0,0
1096,punishment,0,fix,0,433,R_3nVoJd17v4Bfufm,insurance,0,0
1099,punishment,0,fix,0,99,R_7VmO3CdtfBZUKhW,insurance,0,0
1111,punishment,0,fix,0,123,R_1k1UC4cQS124bjd,insurance,0,1
1120,punishment,0,fix,0,725,R_10dHY3ggQ3vbxyq,insurance,0,0
1129,punishment,0,fix,0,226,R_3UgCQ0sUcToeAU4,insurance,0,0
1141,punishment,0,fix,0,270,R_607CXhwitVfNB86,insurance,0,0
1153,punishment,0,fix,0,476,R_12A2Y8k3nVEEZy1,insurance,0,0
1162,punishment,0,fix,0,439,R_56feMHX7YdXxV6q,insurance,0,0
1168,punishment,0,fix,0,291,R_3hR9167KD8GNUF1,insurance,0,0
1174,punishment,0,fix,0,229,R_59juhvD78MBvTk5,insurance,0,0
1177,punishment,0,fix,0,144,R_6fNWXq33dxfiOof,insurance,0,1
1213,punishment,0,fix,0,105,R_7TB0AloZiZEgIgi,insurance,0,1
1234,punishment,0,fix,0,131,R_7h0H4mh0VOYRuq5,insurance,0,1
1240,punishment,0,fix,0,182,R_3pojznZPwdZiZKk,insurance,0,0
1282,punishment,0,fix,0,156,R_1DY2oxhVPaCnR8B,insurance,0,0
1288,punishment,0,fix,0,180,R_5iOmHlHpfZg3EY8,insurance,0,0
1291,punishment,0,fix,0,187,R_1xaePYc5nD7G4ZX,insurance,0,0
1297,punishment,0,fix,0,87,R_7ZDjILQkip30hIa,insurance,0,1
1306,punishment,0,fix,0,458,R_6AKf1NDtWzBuXK2,insurance,0,1
1315,punishment,0,fix,0,174,R_5KwQqX7giiLviFz,insurance,0,0
1336,punishment,0,fix,0,156,R_60pHqz6igD2kVaX,insurance,0,0
1348,punishment,0,fix,0,778,R_7TZOVIdo5Il6c0r,insurance,0,0
1354,punishment,0,fix,0,245,R_1k1HlbWHPfR7kRy,insurance,0,0
1360,punishment,0,fix,0,184,R_3n9teDrgaU6b35v,insurance,0,1
1363,punishment,0,fix,0,262,R_6PRsV3B6opiNsQh,insurance,0,0
1372,punishment,0,fix,0,173,R_1jdKZW2pbm4N8DD,insurance,0,0
1378,punishment,0,fix,0,232,R_7rkYjEdHpevUnqh,insurance,0,1
1384,punishment,0,fix,0,149,R_7MYgnacIN9p7mQm,insurance,0,0
1,reward,1,fix,0,139,R_7LHFAa9qGqfRX8O,insurance,0,0
22,reward,1,fix,0,119,R_7lM5B9WrwQnflJq,insurance,0,1
28,reward,1,fix,0,168,R_1eRDaCWgWcDBIbu,insurance,0,0
34,reward,1,fix,0,118,R_7RpClhfjxeW82JM,insurance,0,0
43,reward,1,fix,0,99,R_343WmX65SOUo8c9,insurance,0,1
52,reward,1,fix,0,149,R_5EBuWysSKTXLy4S,insurance,0,1
67,reward,1,fix,0,146,R_6Cn8iqAMnon9nGx,insurance,0,0
79,reward,1,fix,0,2539,R_1CppZj9fiCpBN8h,insurance,0,0
82,reward,1,fix,0,5248,R_1wN22RjJOVpmjCk,insurance,0,1
91,reward,1,fix,0,54,R_74bDsdKuLLeD4hi,insurance,0,0
127,reward,1,fix,0,120,R_1ZBJDt7zLTyuXUn,insurance,0,1
151,reward,1,fix,0,229,R_34i7UbK9qeXQHWQ,insurance,0,1
157,reward,1,fix,0,248,R_5CkX9Nnw63znhyQ,insurance,0,1
160,reward,1,fix,0,73,R_5Ckcb1ZqBlxCXn4,insurance,0,1
175,reward,1,fix,0,82,R_6uvROF0oTI74RlJ,insurance,0,0
178,reward,1,fix,0,109,R_52Mx0l7rkNthUsd,insurance,0,0
184,reward,1,fix,0,200,R_3eatT5lSgpXB9Io,insurance,0,1
196,reward,1,fix,0,888,R_3gqkZfHpQrKsInL,insurance,0,0
214,reward,1,fix,0,234,R_1fHRjzbNxrMi8kp,insurance,0,1
235,reward,1,fix,0,118,R_1oFrnVoowuyNPdn,insurance,0,1
250,reward,1,fix,0,219,R_5DlrkbaWPxOHR1n,insurance,0,0
253,reward,1,fix,0,216,R_6419o7FWtGkrd1U,insurance,0,0
274,reward,1,fix,0,111,R_5rjHsrcboCSECdq,insurance,0,0
277,reward,1,fix,0,113,R_7j2wmpe1M9peUeS,insurance,0,0
283,reward,1,fix,0,94,R_5UuLrKuWssS5uCJ,insurance,0,0
301,reward,1,fix,0,107,R_6UfJpz6NAaje3v3,insurance,0,1
316,reward,1,fix,0,95,R_1MidqKNXeHUTBrb,insurance,0,1
319,reward,1,fix,0,265,R_3nxnf6CNiOprho5,insurance,0,1
322,reward,1,fix,0,125,R_7uEcWpCxn2OAkyY,insurance,0,1
340,reward,1,fix,0,288,R_3S0SXZM9orp4Ehf,insurance,0,1
352,reward,1,fix,0,268,R_7UXgVMQCSRS7qEb,insurance,0,1
373,reward,1,fix,0,2903,R_7WVkOtVdtpFqsnL,insurance,0,1
388,reward,1,fix,0,195,R_50Vtx1DNcFGqCDz,insurance,0,0
427,reward,1,fix,0,304,R_9NWKwczAcjJBaTU,insurance,0,1
430,reward,1,fix,0,378,R_5Uhlb5TtUNLQGxE,insurance,0,1
436,reward,1,fix,0,128,R_10uuk0KCer7fndl,insurance,0,0
442,reward,1,fix,0,1344,R_3t4rFtD1zQkICnn,insurance,0,0
451,reward,1,fix,0,234,R_1TotptSGQy0Bn9O,insurance,0,0
454,reward,1,fix,0,165,R_515ie4s6ECcWn9D,insurance,0,1
475,reward,1,fix,0,44,R_3pEi2ziglV9bLlP,insurance,0,1
478,reward,1,fix,0,102,R_7wXBOobwGVPpQoF,insurance,0,1
496,reward,1,fix,0,29,R_6IFBLV7K3189hI4,insurance,0,1
526,reward,1,fix,0,137,R_3BfZZVwBsXSOwit,insurance,0,0
535,reward,1,fix,0,411,R_1olroeXGqnk1s1b,insurance,0,1
538,reward,1,fix,0,208,R_7vtiiJKEBIXGCMV,insurance,0,1
544,reward,1,fix,0,130,R_52W1FMYd44kxDrU,insurance,0,1
565,reward,1,fix,0,321,R_7EOc9SIRUais4Nz,insurance,0,1
583,reward,1,fix,0,271,R_7Klhm7Xia7uQqdV,insurance,0,1
586,reward,1,fix,0,182,R_165OVFjPEWqasqx,insurance,0,0
598,reward,1,fix,0,103,R_1PmLNZ5BBKjJHAE,insurance,0,1
604,reward,1,fix,0,215,R_6e3S6h6CF4cxjQ9,insurance,0,1
610,reward,1,fix,0,179,R_3q9sJvsK9cchHtu,insurance,0,1
619,reward,1,fix,0,162,R_5kyXV49bWruPVjE,insurance,0,0
622,reward,1,fix,0,142,R_38VdC9ad3pY9jrE,insurance,0,1
625,reward,1,fix,0,152,R_3a0xpY22VnSZhqF,insurance,0,0
646,reward,1,fix,0,217,R_5e5abbJum75Ehu4,insurance,0,1
658,reward,1,fix,0,149,R_55EeGjqJPKkR9h3,insurance,0,1
667,reward,1,fix,0,660,R_6LjkIqYdNmBlGNL,insurance,0,0
676,reward,1,fix,0,171,R_64hHwVf1HCiJrO0,insurance,0,1
679,reward,1,fix,0,228,R_72uxYkGDMKuRBSM,insurance,0,1
706,reward,1,fix,0,90,R_775N9To7GzmMDPr,insurance,0,1
730,reward,1,fix,0,196,R_59GyDLkcmYKzOsV,insurance,0,1
739,reward,1,fix,0,128,R_5rWKNF5wudoKsKd,insurance,0,0
748,reward,1,fix,0,170,R_1t4lPuwglQldzAC,insurance,0,1
751,reward,1,fix,0,199,R_5qBCcb2kJR0zW4F,insurance,0,0
754,reward,1,fix,0,2521,R_5uQzvRBhaogatyd,insurance,0,1
763,reward,1,fix,0,81,R_7QQKjowfxPysRXY,insurance,0,1
772,reward,1,fix,0,232,R_1uU2DKVOkljipZq,insurance,0,1
781,reward,1,fix,0,322,R_6pa8etnig65Bis6,insurance,0,1
784,reward,1,fix,0,155,R_5OIOIbz9Bkygwys,insurance,0,1
793,reward,1,fix,0,156,R_31v93uxwfQTZRXb,insurance,0,1
808,reward,1,fix,0,130,R_3fJA95kNKLCA5Ef,insurance,0,1
847,reward,1,fix,0,259,R_1pN0Vb94D07rVKN,insurance,0,0
889,reward,1,fix,0,119,R_1dV77T4KXLWXh2F,insurance,0,1
916,reward,1,fix,0,172,R_6vRlTQcEXIdqUXD,insurance,0,1
937,reward,1,fix,0,258,R_7y1HGW1eqolXg18,insurance,0,1
943,reward,1,fix,0,94,R_7rPMU5QJ31Cw4tW,insurance,0,1
952,reward,1,fix,0,144,R_7380iJLXjJ5UTmd,insurance,0,1
973,reward,1,fix,0,69,R_1RakLPuIrjDto3F,insurance,0,0
1000,reward,1,fix,0,122,R_6H1EmqDVVIPVDlT,insurance,0,1
1006,reward,1,fix,0,349,R_7ruewsWQmf4bFGV,insurance,0,1
1009,reward,1,fix,0,138,R_30MwtIB8lsZpWlH,insurance,0,1
1051,reward,1,fix,0,219,R_5KMAgYKwWzk5Rap,insurance,0,1
1060,reward,1,fix,0,143,R_3NyXx2nDSgk7ejM,insurance,0,1
1078,reward,1,fix,0,112,R_3kNy0r1rxUzgfVJ,insurance,0,1
1081,reward,1,fix,0,144,R_5eIwMYVgoJts2Mi,insurance,0,0
1090,reward,1,fix,0,153,R_1wALK02oLbvHRhN,insurance,0,0
1108,reward,1,fix,0,161,R_6HD9UQRnVRRHJrX,insurance,0,1
1126,reward,1,fix,0,74,R_5lXfW5NuUPRc4ZM,insurance,0,1
1135,reward,1,fix,0,139,R_1WAJqQri9IWZwuF,insurance,0,1
1147,reward,1,fix,0,100,R_32S1quJ8VGnCQDt,insurance,0,1
1186,reward,1,fix,0,345,R_5azcc75gYPj3NkZ,insurance,0,0
1189,reward,1,fix,0,155,R_5MnjJVXsBZM1rae,insurance,0,0
1195,reward,1,fix,0,186,R_7GLgLmJYb5R3pEB,insurance,0,1
1204,reward,1,fix,0,164,R_5TGc2fk69g8a8Bb,insurance,0,1
1210,reward,1,fix,0,130,R_1mfS8oVl2p9AIiO,insurance,0,1
1222,reward,1,fix,0,91,R_6g1PqiSek5eIHEx,insurance,0,1
1228,reward,1,fix,0,74,R_1i2mzUdpxCzREO8,insurance,0,1
1243,reward,1,fix,0,265,R_3ptLxmykNOa1azP,insurance,0,1
1252,reward,1,fix,0,75,R_5g74mTmysl0PTK0,insurance,0,1
1255,reward,1,fix,0,100,R_5ig1Ek6oJ5ieAI9,insurance,0,1
1261,reward,1,fix,0,101,R_6nZVTd8wWPLG5W1,insurance,0,0
1267,reward,1,fix,0,41,R_3pWwnCHjwTeWh4u,insurance,0,0
1270,reward,1,fix,0,309,R_1fNL9lknSAPXsA2,insurance,0,1
1309,reward,1,fix,0,147,R_6PdfKvj2vqpb5DD,insurance,0,1
1321,reward,1,fix,0,121,R_7g0tzG13Xdj6Vt7,insurance,0,1
1330,reward,1,fix,0,333,R_3QG0rI4n5IknOsK,insurance,0,0
1339,reward,1,fix,0,107,R_7qChWmwFQvoEA5q,insurance,0,1
1390,reward,1,fix,0,8911,R_1DpufElnKQiI0Lm,insurance,0,0
4,punishment,0,prevent,1,122,R_3E41gVfbg2W2WBy,insurance,0,0
19,punishment,0,prevent,1,202,R_3kiHudwLiyUJL4Q,insurance,0,1
25,punishment,0,prevent,1,338,R_5NQIBwMscAdyYdX,insurance,0,1
31,punishment,0,prevent,1,99,R_3EplqH6nRkLWz3G,insurance,0,1
37,punishment,0,prevent,1,113,R_7IYKLeALFW2TkPS,insurance,0,0
40,punishment,0,prevent,1,161,R_3rG6yAoPNwlmV54,insurance,0,0
55,punishment,0,prevent,1,109,R_7p0cUkkCFEghAOJ,insurance,0,0
64,punishment,0,prevent,1,131,R_7adWuhGRorD7a4p,insurance,0,0
70,punishment,0,prevent,1,200,R_3MQmwTrMjiUKObg,insurance,0,1
85,punishment,0,prevent,1,160,R_3PXjvxOFH3QS2Zv,insurance,0,0
88,punishment,0,prevent,1,166,R_7lrGK47OKVlzb5x,insurance,0,1
133,punishment,0,prevent,1,43,R_6Cy6Bd05oOPP4yV,insurance,0,1
145,punishment,0,prevent,1,129,R_11nXNcVKOdeuHp7,insurance,0,1
154,punishment,0,prevent,1,487,R_1MbSrfcdLNvtIzI,insurance,0,1
163,punishment,0,prevent,1,194,R_5wN4lTV97eJEIFi,insurance,0,0
172,punishment,0,prevent,1,612,R_7QoCFUJVhXWSqWl,insurance,0,0
181,punishment,0,prevent,1,134,R_3Di4aoRkOQ9zH8v,insurance,0,0
187,punishment,0,prevent,1,226,R_7QXyfizyPKZLttM,insurance,0,0
199,punishment,0,prevent,1,192,R_7DUqVz23nKkHyvA,insurance,0,0
208,punishment,0,prevent,1,644,R_3nV0REloaX8qq57,insurance,0,0
211,punishment,0,prevent,1,147,R_7e9ykupgiAo73s7,insurance,0,1
238,punishment,0,prevent,1,87,R_7G2LmHy2vzh48B7,insurance,0,1
247,punishment,0,prevent,1,91,R_7IWh9OuBgunQFpi,insurance,0,0
256,punishment,0,prevent,1,248,R_1R1Zizu8jLhqMjn,insurance,0,0
271,punishment,0,prevent,1,706,R_7Btyy0DJbMyoGYW,insurance,0,1
280,punishment,0,prevent,1,133,R_6It821Jv3Q7rnIR,insurance,0,1
286,punishment,0,prevent,1,204,R_3kB479IsUYLMauW,insurance,0,1
304,punishment,0,prevent,1,138,R_5hAVU0Xb6eEbwmx,insurance,0,1
313,punishment,0,prevent,1,203,R_6qyhllOxg9ScgMk,insurance,0,1
325,punishment,0,prevent,1,362,R_6JFr50mxF9dZqEM,insurance,0,0
331,punishment,0,prevent,1,273,R_6Qm8UsGnjgz4PUk,insurance,0,0
337,punishment,0,prevent,1,125,R_7pSivUT5z7Zpa3H,insurance,0,0
349,punishment,0,prevent,1,485,R_6nUXj2LSSZaBeSA,insurance,0,0
376,punishment,0,prevent,1,186,R_3WMTYa4CUOtzZ0B,insurance,0,1
385,punishment,0,prevent,1,262,R_6NydLZpLdGvyNH3,insurance,0,0
421,punishment,0,prevent,1,248,R_15uPUhdmGfTjdgr,insurance,0,0
424,punishment,0,prevent,1,156,R_5rkpDEn7fIaYRhZ,insurance,0,0
433,punishment,0,prevent,1,228,R_1fj37xTI0FhBAQa,insurance,0,0
439,punishment,0,prevent,1,267,R_5lmh3xBEYDpxMwI,insurance,0,0
445,punishment,0,prevent,1,113,R_6F5FzUvqm9q9BqU,insurance,0,0
448,punishment,0,prevent,1,225,R_1DMNZ743If30PD4,insurance,0,0
457,punishment,0,prevent,1,199,R_6pPAsGzOAmuq2wr,insurance,0,0
472,punishment,0,prevent,1,56,R_6Hiasf2OkA6tBii,insurance,0,0
481,punishment,0,prevent,1,138,R_1xRSXQu4O3hyHlf,insurance,0,1
499,punishment,0,prevent,1,228,R_7QQqbMYe5DRI1hv,insurance,0,0
529,punishment,0,prevent,1,148,R_6ENg9NiNFizw9xU,insurance,0,0
532,punishment,0,prevent,1,156,R_5PgUtQ4tHCY3PWH,insurance,0,1
541,punishment,0,prevent,1,185,R_5plieKubFVep3YO,insurance,0,0
547,punishment,0,prevent,1,1088,R_1dErx6WtaHVN0ge,insurance,0,0
556,punishment,0,prevent,1,48,R_6dyPadYg0Lig2Li,insurance,0,1
577,punishment,0,prevent,1,27,R_1eWPcIvdcucZlGI,insurance,0,
589,punishment,0,prevent,1,120,R_7Q5b12nrao2rIF3,insurance,0,0
601,punishment,0,prevent,1,191,R_6kbHY0WHIyoPpsG,insurance,0,0
607,punishment,0,prevent,1,155,R_7f1OzP9JxipPiKd,insurance,0,0
613,punishment,0,prevent,1,378,R_6nPHtH514zlcvBf,insurance,0,1
616,punishment,0,prevent,1,144,R_5QoM0wp3DjaOBqG,insurance,0,1
628,punishment,0,prevent,1,268,R_17KEphmVdQMHMW4,insurance,0,0
634,punishment,0,prevent,1,328,R_7l9SinEpgiMeRc5,insurance,0,0
652,punishment,0,prevent,1,418,R_5HNwog6LJFewgvH,insurance,0,0
661,punishment,0,prevent,1,193,R_7lDk3lrqKmYAn44,insurance,0,0
664,punishment,0,prevent,1,242,R_7Kej6a9fBHGOIfe,insurance,0,1
682,punishment,0,prevent,1,195,R_7KvaDVuy5ZRLg6E,insurance,0,0
685,punishment,0,prevent,1,268,R_50o0Tk5LreEg64U,insurance,0,0
709,punishment,0,prevent,1,217,R_1VJDjr5nXyKcsnf,insurance,0,0
724,punishment,0,prevent,1,244,R_7SQaQh3C5aieKtz,insurance,0,1
736,punishment,0,prevent,1,163,R_7r1cevEioacLD4Q,insurance,0,0
742,punishment,0,prevent,1,361,R_3uRUx6Tc4QGUgVz,insurance,0,1
745,punishment,0,prevent,1,400,R_6DGQ8iH55EewWfq,insurance,0,1
757,punishment,0,prevent,1,55,R_5mUljPg6avQFT1u,insurance,0,0
769,punishment,0,prevent,1,156,R_1N3U58kDAdTEEu6,insurance,0,1
775,punishment,0,prevent,1,70,R_5WYx1MjJ2kU3Kav,insurance,0,1
778,punishment,0,prevent,1,190,R_73g0mxPy13HYNTj,insurance,0,1
787,punishment,0,prevent,1,55,R_5QX56TiMfYKVgoF,insurance,0,0
790,punishment,0,prevent,1,170,R_1QfhC29R883hpM7,insurance,0,0
811,punishment,0,prevent,1,116,R_3vC7SPVkQYEIX4d,insurance,0,1
850,punishment,0,prevent,1,234,R_16bgreuUBysFACN,insurance,0,0
892,punishment,0,prevent,1,216,R_1VO9l3gOq3FPRcl,insurance,0,1
913,punishment,0,prevent,1,183,R_1VyF6SrXbtYszwB,insurance,0,0
940,punishment,0,prevent,1,249,R_6Lu3ENMqRnedwzn,insurance,0,0
946,punishment,0,prevent,1,728,R_7WuR7qH0DzUJqT1,insurance,0,1
949,punishment,0,prevent,1,99,R_3Q0AFmsblizKGwo,insurance,0,1
976,punishment,0,prevent,1,143,R_11hhzmZbJN8sJKI,insurance,0,0
997,punishment,0,prevent,1,56,R_3Bm7tDHauRHMleF,insurance,0,0
1003,punishment,0,prevent,1,206,R_34w84KosOQI5kLa,insurance,0,0
1012,punishment,0,prevent,1,171,R_62na57446d66nQ6,insurance,0,0
1054,punishment,0,prevent,1,260,R_5mqJgb38PEWlwf7,insurance,0,0
1057,punishment,0,prevent,1,156,R_7wuw8t4NIkIwWxq,insurance,0,1
1075,punishment,0,prevent,1,144,R_7mh3gmSSOa2wHt9,insurance,0,1
1084,punishment,0,prevent,1,227,R_1JJGPWHlw55OpPM,insurance,0,0
1087,punishment,0,prevent,1,255,R_7x3eu7iJlM22Vwt,insurance,0,0
1105,punishment,0,prevent,1,144,R_39tsCdJ6RmzdOWf,insurance,0,0
1123,punishment,0,prevent,1,115,R_7LFf8dR7q9jgDhr,insurance,0,0
1138,punishment,0,prevent,1,131,R_3S8HvQdyASC8wUx,insurance,0,0
1150,punishment,0,prevent,1,373,R_6nT9f05WUOtHXX7,insurance,0,0
1183,punishment,0,prevent,1,174,R_7bJdZdiAxYCevTo,insurance,0,0
1192,punishment,0,prevent,1,950,R_14VgoGWxn1kEv85,insurance,0,1
1198,punishment,0,prevent,1,344,R_6388KF0YoJiMe5V,insurance,0,0
1201,punishment,0,prevent,1,377,R_3EhcfiGS6QFT9eN,insurance,0,0
1207,punishment,0,prevent,1,225,R_10Tyjw2e77NFsrC,insurance,0,0
1219,punishment,0,prevent,1,202,R_6lLj3UM4Zaiaqa3,insurance,0,1
1225,punishment,0,prevent,1,69,R_3RjFnDFk8oTvcRg,insurance,0,0
1237,punishment,0,prevent,1,664,R_3DMiHkTSTJLBCJH,insurance,0,1
1249,punishment,0,prevent,1,147,R_61BPKdTZeebvhXb,insurance,0,1
1258,punishment,0,prevent,1,217,R_3I9MSrEh5Qbcq0H,insurance,0,1
1264,punishment,0,prevent,1,168,R_5EKADpsCKRVqizA,insurance,0,0
1273,punishment,0,prevent,1,112,R_7YLiwmyHIWl3J6E,insurance,0,0
1276,punishment,0,prevent,1,1005,R_5GMtjS7ebKoYn2p,insurance,0,0
1312,punishment,0,prevent,1,88,R_5Lmy9uCrzR1whUd,insurance,0,1
1324,punishment,0,prevent,1,193,R_1PYRFgrSq9Wdazz,insurance,0,1
1327,punishment,0,prevent,1,102,R_5pK7QrndwWrQJvW,insurance,0,0
1342,punishment,0,prevent,1,311,R_34kgnm36O51Krjb,insurance,0,1
1387,punishment,0,prevent,1,277,R_7fxlSnmgAXNMlRb,insurance,0,1
10,reward,1,prevent,1,190,R_6GJKf561CaLxWCc,insurance,0,1
13,reward,1,prevent,1,169,R_6igDR3KxzmLUhzz,insurance,0,0
46,reward,1,prevent,1,242,R_5XCxfwvWeDgoCtj,insurance,0,1
58,reward,1,prevent,1,141,R_1byYDUE7i6mb693,insurance,0,1
73,reward,1,prevent,1,236,R_1o59aEgGFnUMBY2,insurance,0,0
97,reward,1,prevent,1,85,R_6q8DJWgDlU8YUte,insurance,0,0
100,reward,1,prevent,1,99,R_6fSKeZnPQj0T4Sj,insurance,0,0
106,reward,1,prevent,1,495,R_62f0PB6cHEhtUeo,insurance,0,0
112,reward,1,prevent,1,251,R_51z6Kt6PYc05B1m,insurance,0,1
115,reward,1,prevent,1,213,R_7bADyqAb7JDKeIh,insurance,0,0
130,reward,1,prevent,1,273,R_1iEitFpVQvNQf9k,insurance,0,1
139,reward,1,prevent,1,139,R_6cYDckudwshLn2x,insurance,0,1
148,reward,1,prevent,1,5541,R_68Mb0HYkggZ6grk,insurance,0,1
166,reward,1,prevent,1,190,R_3KHoATcBPdLgW8P,insurance,0,1
193,reward,1,prevent,1,234,R_7J3MSvNlUs3RqVi,insurance,0,1
202,reward,1,prevent,1,174,R_50YiLVHEGVyEOCV,insurance,0,1
217,reward,1,prevent,1,174,R_31TymOkfE2PHQPr,insurance,0,1
226,reward,1,prevent,1,54,R_5noBIPBXZp2g8GY,insurance,0,1
232,reward,1,prevent,1,98,R_6104eZfoC0CNkVV,insurance,0,0
244,reward,1,prevent,1,127,R_5CJx3cdGAlVviDD,insurance,0,1
262,reward,1,prevent,1,140,R_3rjDCchjKqeMreX,insurance,0,1
268,reward,1,prevent,1,929,R_64kH3yooLbKE2uF,insurance,0,0
292,reward,1,prevent,1,117,R_5dLhRbSY5rCVGhv,insurance,0,1
298,reward,1,prevent,1,211,R_7SfdSG1lMzjMqt6,insurance,0,1
307,reward,1,prevent,1,121,R_5Ht7I0YFU0WnIlT,insurance,0,0
334,reward,1,prevent,1,110,R_71uc1RpYz6M5fLg,insurance,0,1
346,reward,1,prevent,1,1262,R_72VN9ywqzulvDjW,insurance,0,1
355,reward,1,prevent,1,148,R_7af9f3LsY3PnNI2,insurance,0,1
361,reward,1,prevent,1,310,R_5TZcCRHUX4VkY4j,insurance,0,1
367,reward,1,prevent,1,60,R_7y9KPvtxed2wlMH,insurance,0,1
379,reward,1,prevent,1,326,R_7a9A4TO3VLo6KMD,insurance,0,1
391,reward,1,prevent,1,123,R_1sBTy9cC9j516MG,insurance,0,1
400,reward,1,prevent,1,166,R_6ikUVYWGozuHdU5,insurance,0,1
406,reward,1,prevent,1,147,R_1zZtPujh4wrLgLj,insurance,0,0
412,reward,1,prevent,1,325,R_3INaxDEKcNjTMgX,insurance,0,1
415,reward,1,prevent,1,243,R_18HfaGFb5oyISRe,insurance,0,0
463,reward,1,prevent,1,311,R_1EX52lbKHCltym0,insurance,0,1
466,reward,1,prevent,1,116,R_12ob0IsDvnLnH8V,insurance,0,0
487,reward,1,prevent,1,73,R_5uCfdSlJ4stM8r8,insurance,0,1
493,reward,1,prevent,1,165,R_1gJlvmVGu5jUlAR,insurance,0,0
505,reward,1,prevent,1,410,R_3P6dbrebRkYwpQL,insurance,0,0
511,reward,1,prevent,1,121,R_3jPwWotHGnU1yCx,insurance,0,0
514,reward,1,prevent,1,191,R_3HvLL8uCLy3evUp,insurance,0,1
520,reward,1,prevent,1,262,R_1ER6gYbJRtL1dL1,insurance,0,0
553,reward,1,prevent,1,156,R_3SMPHcHl6r6lEQ1,insurance,0,1
559,reward,1,prevent,1,4219,R_3AmjBZRsIYybNLz,insurance,0,0
568,reward,1,prevent,1,101,R_7LYgC9CArIsLOKa,insurance,0,0
574,reward,1,prevent,1,125,R_5aJ0Hye6Ekoqnpl,insurance,0,1
592,reward,1,prevent,1,196,R_1DwDDUrB8LIz1js,insurance,0,0
637,reward,1,prevent,1,242,R_3ZE06H3nxlF8w0H,insurance,0,1
643,reward,1,prevent,1,275,R_1N3XRxXM7Y9XpLY,insurance,0,1
655,reward,1,prevent,1,89,R_3DTY7VdQZYQlxFv,insurance,0,1
670,reward,1,prevent,1,330,R_1aDEJIk1VKzLd6N,insurance,0,0
688,reward,1,prevent,1,149,R_1pr3NrRYuRr5QiQ,insurance,0,0
697,reward,1,prevent,1,238,R_7MsMu2YUQPt4NQ3,insurance,0,0
700,reward,1,prevent,1,109,R_5eLdiig2kPEzJ7E,insurance,0,1
715,reward,1,prevent,1,469,R_3ozNitKPfWDgRgb,insurance,0,1
721,reward,1,prevent,1,332,R_6BRwdv6qt4RgHti,insurance,0,0
727,reward,1,prevent,1,125,R_3eR0dvZG1HQl4ZD,insurance,0,0
760,reward,1,prevent,1,345,R_5bBDOTohQCLiYet,insurance,0,0
799,reward,1,prevent,1,123,R_3XhbnGQXC9S2Xce,insurance,0,1
805,reward,1,prevent,1,46,R_6EGpudpK1tQllcX,insurance,0,0
814,reward,1,prevent,1,95,R_3QGCziiXUfTSxKY,insurance,0,0
820,reward,1,prevent,1,165,R_5qNDYT8Us1iIEVS,insurance,0,0
829,reward,1,prevent,1,70,R_5GEcR0PnoZsbsZ8,insurance,0,0
832,reward,1,prevent,1,136,R_7fIIOoJxpyKq67T,insurance,0,1
835,reward,1,prevent,1,158,R_5QM39HXdY2EPDnX,insurance,0,1
844,reward,1,prevent,1,111,R_5dvkUomGCEBFTF2,insurance,0,1
853,reward,1,prevent,1,165,R_6rA4RKmMOmyQOv7,insurance,0,1
856,reward,1,prevent,1,60,R_5fx1GFwwxgjFNB7,insurance,0,
868,reward,1,prevent,1,240,R_6DhwVlZSrhQJeIV,insurance,0,0
874,reward,1,prevent,1,141,R_6FG7sBY2XCh8gDk,insurance,0,1
880,reward,1,prevent,1,298,R_3QloETFZhdabBcu,insurance,0,1
886,reward,1,prevent,1,76,R_7G6AFiC43q5A7oI,insurance,0,1
895,reward,1,prevent,1,118,R_1jHfC8PuviiNOvL,insurance,0,1
901,reward,1,prevent,1,124,R_1UYGf59cn663KmO,insurance,0,0
907,reward,1,prevent,1,180,R_6matOBAhcmzs2mB,insurance,0,0
922,reward,1,prevent,1,2185,R_16UbbpUaBvEFumJ,insurance,0,1
925,reward,1,prevent,1,38,R_51jPltV4QGjZgiA,insurance,0,0
934,reward,1,prevent,1,108,R_6anse9oIogKApFO,insurance,0,1
958,reward,1,prevent,1,126,R_782cPG5HInhGvvP,insurance,0,0
964,reward,1,prevent,1,76,R_3pX85oxO6XYwMla,insurance,0,1
970,reward,1,prevent,1,178,R_5uO3rEJNw8J7J30,insurance,0,1
979,reward,1,prevent,1,25,R_1duMSj3VwmCLmPT,insurance,0,0
985,reward,1,prevent,1,149,R_3VEby7CSrzJZK5L,insurance,0,1
991,reward,1,prevent,1,278,R_3eRwgIHtWgCBEkN,insurance,0,0
1018,reward,1,prevent,1,177,R_1PvDNCANInTXxtL,insurance,0,0
1024,reward,1,prevent,1,150,R_6F2ve0O1Tluwn3O,insurance,0,1
1030,reward,1,prevent,1,318,R_6Du41Z8xLDP9044,insurance,0,0
1036,reward,1,prevent,1,116,R_1vLcAmibR6vzpOV,insurance,0,1
1039,reward,1,prevent,1,150,R_3YyUCnwK3TRoUwY,insurance,0,0
1045,reward,1,prevent,1,449,R_5u2ZQQKN2XHMTRf,insurance,0,0
1066,reward,1,prevent,1,276,R_5B6e0aeq95TOF1L,insurance,0,1
1072,reward,1,prevent,1,181,R_1ilqUgdpV2CR1m1,insurance,0,1
1093,reward,1,prevent,1,164,R_3b0Ey0PyBIxcP20,insurance,0,0
1102,reward,1,prevent,1,173,R_7UYiEDYlkXX6De7,insurance,0,0
1114,reward,1,prevent,1,158,R_1lqj5GG3J6E6QqB,insurance,0,1
1117,reward,1,prevent,1,212,R_7ZrBXV6kOIb4Spr,insurance,0,0
1132,reward,1,prevent,1,403,R_13elPykTkYjrVAT,insurance,0,1
1144,reward,1,prevent,1,121,R_1HT8QxbeNZWc76u,insurance,0,0
1156,reward,1,prevent,1,249,R_6bTauVCtENZJd2p,insurance,0,1
1159,reward,1,prevent,1,105,R_3sYZlThEH0aIdkD,insurance,0,0
1165,reward,1,prevent,1,165,R_5qR9FH62g3yfSqB,insurance,0,0
1171,reward,1,prevent,1,133,R_1CyKgU7GZcDo1Dk,insurance,0,0
1180,reward,1,prevent,1,124,R_5M3D89vCwAUS22l,insurance,0,0
1216,reward,1,prevent,1,117,R_7dKXm2fJ8bBlbWi,insurance,0,1
1231,reward,1,prevent,1,398,R_70TVOpTf9oAI2vX,insurance,0,0
1246,reward,1,prevent,1,216,R_6ey5mZZ2AlojIcX,insurance,0,1
1279,reward,1,prevent,1,409,R_6nlFwrEUhchf2pz,insurance,0,1
1285,reward,1,prevent,1,110,R_6MKfgiyQ5IMvUIK,insurance,0,0
1294,reward,1,prevent,1,269,R_3hgOxVBTwK7pOyX,insurance,0,1
1300,reward,1,prevent,1,93,R_5QzKfOIwMVFLHoH,insurance,0,1
1303,reward,1,prevent,1,171,R_7Uht8QDejh10qmB,insurance,0,1
1318,reward,1,prevent,1,143,R_62lYn1jlAFTaSXK,insurance,0,1
1333,reward,1,prevent,1,151,R_6YS3lMBYoMgODcu,insurance,0,0
1345,reward,1,prevent,1,405,R_5iIPU3kFL1G9doH,insurance,0,0
1351,reward,1,prevent,1,161,R_5tu1Mga1iZbdqLk,insurance,0,0
1357,reward,1,prevent,1,142,R_3hx6s02EgYLeT73,insurance,0,1
1366,reward,1,prevent,1,247,R_61cuOmDllUd6P9r,insurance,0,1
1369,reward,1,prevent,1,85,R_3EohnfBk1iiiuvt,insurance,0,1
1375,reward,1,prevent,1,182,R_7SoDCGxZgJZmkGi,insurance,0,1
1381,reward,1,prevent,1,147,R_3lltqvzAtZE21Pz,insurance,0,0
9,punishment,0,fix,0,113,R_1espPXdiZoFuhpP,pay,1,0
18,punishment,0,fix,0,95,R_7nPNWBQ8hKzMn4z,pay,1,0
51,punishment,0,fix,0,151,R_7pzB6hPC2yTx1N7,pay,1,0
63,punishment,0,fix,0,226,R_5v81zWi4ZWn7cvg,pay,1,1
78,punishment,0,fix,0,100,R_1f6HFIxkZVjpLHP,pay,1,0
96,punishment,0,fix,0,202,R_6gMCMWtvYEGOlA3,pay,1,0
105,punishment,0,fix,0,9482,R_5VoSxA0NUHwTiZr,pay,1,0
111,punishment,0,fix,0,161,R_1Rp4jrSwYJEPoZz,pay,1,0
120,punishment,0,fix,0,165,R_7y3nT89qBpW7efb,pay,1,0
123,punishment,0,fix,0,2241,R_1eqXfjH4EvvImwx,pay,1,0
126,punishment,0,fix,0,117,R_5lrQzuks20UDQcm,pay,1,0
138,punishment,0,fix,0,106,R_7GW9kFULHdHI6Rb,pay,1,0
144,punishment,0,fix,0,731,R_63OwqFXIdzWxUpH,pay,1,0
171,punishment,0,fix,0,115,R_6lKzU45BDCj5YGZ,pay,1,0
192,punishment,0,fix,0,359,R_63fmLER0amzneN6,pay,1,1
207,punishment,0,fix,0,159,R_6dFpJC1S6Q8z0Pn,pay,1,0
222,punishment,0,fix,0,174,R_3uPXqlZ4BJ0iCdY,pay,1,1
225,punishment,0,fix,0,206,R_6ewcyYlz7yyN667,pay,1,0
231,punishment,0,fix,0,149,R_3WYfQi7ogDvuXv3,pay,1,0
243,punishment,0,fix,0,554,R_7EHk8Mk5y24D0io,pay,1,0
261,punishment,0,fix,0,227,R_7BbcCjHWkiCiBJF,pay,1,0
267,punishment,0,fix,0,157,R_3g71f612os2z8Np,pay,1,0
291,punishment,0,fix,0,108,R_6Lqh5WAdGWsCwwU,pay,1,0
297,punishment,0,fix,0,109,R_38EtjO5V2LqQBfX,pay,1,1
312,punishment,0,fix,0,124,R_6e5GzesPChXoRVv,pay,1,0
330,punishment,0,fix,0,174,R_7Hc23EvTkxn87JC,pay,1,0
345,punishment,0,fix,0,102,R_12ir0SBjNuoCnxu,pay,1,0
360,punishment,0,fix,0,29,R_5DOXnv3IxCGfhzM,pay,1,0
366,punishment,0,fix,0,169,R_63m1fM5ULQ5aNPM,pay,1,0
372,punishment,0,fix,0,96,R_5X08ZkNeWnt9DXK,pay,1,0
384,punishment,0,fix,0,106,R_1JUtFkYooPfWM4D,pay,1,1
396,punishment,0,fix,0,30,R_52ubY1F7agve641,pay,1,1
399,punishment,0,fix,0,442,R_73eGwLcYRVeaoV3,pay,1,0
405,punishment,0,fix,0,49,R_5zBAida6FZzhK7u,pay,1,0
411,punishment,0,fix,0,170,R_5ILgQNOgbTMFNKD,pay,1,0
420,punishment,0,fix,0,170,R_1LIi7nyF0NC1E3p,pay,1,0
462,punishment,0,fix,0,305,R_5xz70oh3Q8G17kn,pay,1,0
471,punishment,0,fix,0,142,R_5VO4XSWgoZKl7yP,pay,1,1
486,punishment,0,fix,0,127,R_5I3jZA7OeTYwDjO,pay,1,0
492,punishment,0,fix,0,135,R_1xAe4jTOR0STZjo,pay,1,0
504,punishment,0,fix,0,125,R_3IuPd2MPF6hdLNi,pay,1,0
510,punishment,0,fix,0,239,R_6y3CUmloTQPC8xf,pay,1,0
519,punishment,0,fix,0,112,R_6sbH4xzRswqs9nc,pay,1,0
525,punishment,0,fix,0,180,R_3n1PvVidfRKKy4E,pay,1,0
552,punishment,0,fix,0,121,R_5z26kwXCJXF5zMt,pay,1,0
564,punishment,0,fix,0,201,R_5QKT8S0747jYCUj,pay,1,0
573,punishment,0,fix,0,316,R_6ym6wHcun4eabGk,pay,1,0
582,punishment,0,fix,0,1026,R_7QDzPbAzD7HwAjP,pay,1,0
597,punishment,0,fix,0,232,R_1Hw6kHG8eM8qJvV,pay,1,0
633,punishment,0,fix,0,329,R_7asYcmD8Zp0KT4d,pay,1,0
642,punishment,0,fix,0,158,R_663kTESEgu3gwVe,pay,1,0
651,punishment,0,fix,0,162,R_10HPeHrbH7MVLof,pay,1,0
675,punishment,0,fix,0,50,R_62WksdKtXNOivse,pay,1,0
693,punishment,0,fix,0,178,R_5SfvPUYmrx5CB8W,pay,1,0
696,punishment,0,fix,0,109,R_5Au1yEQyx2FURJ7,pay,1,0
705,punishment,0,fix,0,133,R_7mWvJYLbsAf5M2L,pay,1,0
714,punishment,0,fix,0,191,R_6k5tm5IHNVNiNDf,pay,1,0
720,punishment,0,fix,0,216,R_1gbgOGleTprv7JT,pay,1,1
735,punishment,0,fix,0,354,R_1CJJDZQTYZk43ap,pay,1,0
768,punishment,0,fix,0,148,R_1DotdSm8TdVs7gd,pay,1,0
798,punishment,0,fix,0,186,R_6VOARroID4Mmrf1,pay,1,0
804,punishment,0,fix,0,795,R_641L7Q1RcrHPHbx,pay,1,0
819,punishment,0,fix,0,196,R_3nu1p4r3EcbjnFL,pay,1,0
825,punishment,0,fix,0,104,R_31uywODrebhe9l4,pay,1,0
828,punishment,0,fix,0,162,R_6r9b4jKeWHP1SAh,pay,1,0
840,punishment,0,fix,0,158,R_1EYVVBk74LWPGOX,pay,1,1
843,punishment,0,fix,0,249,R_6JeCFTjbsheR3w1,pay,1,0
861,punishment,0,fix,0,153,R_7E4YNad35WcNqy1,pay,1,0
864,punishment,0,fix,0,79,R_1AZOahPxUfMAnHU,pay,1,0
867,punishment,0,fix,0,269,R_7WIHqdeta7oAcUR,pay,1,1
873,punishment,0,fix,0,153,R_5VkZIAWzgWEZYnb,pay,1,1
879,punishment,0,fix,0,487,R_8mh0zLaQATjCK3C,pay,1,1
885,punishment,0,fix,0,129,R_6Sv00p6Li3z1tue,pay,1,0
900,punishment,0,fix,0,108,R_3w6re32mYNMcKIq,pay,1,0
906,punishment,0,fix,0,172,R_1egABiqgbdoxcCL,pay,1,0
912,punishment,0,fix,0,115,R_66b7sW8kowS3X1J,pay,1,0
921,punishment,0,fix,0,200,R_6E4KgbQjm8kDKwL,pay,1,1
930,punishment,0,fix,0,463,R_37qvDyorsjdtF5w,pay,1,0
933,punishment,0,fix,0,69,R_7NIHutBn4J5cOJg,pay,1,1
957,punishment,0,fix,0,218,R_5R8DDhm6MVSzOz3,pay,1,0
963,punishment,0,fix,0,133,R_1QyWVZZzy6GJx5H,pay,1,0
969,punishment,0,fix,0,256,R_3VmgAcFCxRrlICI,pay,1,0
984,punishment,0,fix,0,156,R_77KIrmVCNRh3abD,pay,1,0
990,punishment,0,fix,0,166,R_6d9vz9q9HLjMLAd,pay,1,0
996,punishment,0,fix,0,146,R_1g56Vt8GyaGyT2R,pay,1,1
1017,punishment,0,fix,0,215,R_6h6WVkOxLAExicF,pay,1,0
1023,punishment,0,fix,0,185,R_5li94TxvsP0J2EC,pay,1,0
1029,punishment,0,fix,0,120,R_6CC7Cm2ZR0NAiHA,pay,1,0
1035,punishment,0,fix,0,196,R_682BbqmGhzT3yIF,pay,1,0
1044,punishment,0,fix,0,150,R_5lyqNgoXNnTLB9l,pay,1,0
1050,punishment,0,fix,0,142,R_6RNZKvdp8VAe4nf,pay,1,1
1065,punishment,0,fix,0,122,R_5jg1xacWetyIFtj,pay,1,0
1071,punishment,0,fix,0,126,R_5FyNSLRtCZWLuxJ,pay,1,0
1098,punishment,0,fix,0,433,R_3nVoJd17v4Bfufm,pay,1,0
1101,punishment,0,fix,0,99,R_7VmO3CdtfBZUKhW,pay,1,0
1113,punishment,0,fix,0,123,R_1k1UC4cQS124bjd,pay,1,0
1122,punishment,0,fix,0,725,R_10dHY3ggQ3vbxyq,pay,1,0
1131,punishment,0,fix,0,226,R_3UgCQ0sUcToeAU4,pay,1,0
1143,punishment,0,fix,0,270,R_607CXhwitVfNB86,pay,1,0
1155,punishment,0,fix,0,476,R_12A2Y8k3nVEEZy1,pay,1,0
1164,punishment,0,fix,0,439,R_56feMHX7YdXxV6q,pay,1,1
1170,punishment,0,fix,0,291,R_3hR9167KD8GNUF1,pay,1,0
1176,punishment,0,fix,0,229,R_59juhvD78MBvTk5,pay,1,0
1179,punishment,0,fix,0,144,R_6fNWXq33dxfiOof,pay,1,0
1215,punishment,0,fix,0,105,R_7TB0AloZiZEgIgi,pay,1,0
1236,punishment,0,fix,0,131,R_7h0H4mh0VOYRuq5,pay,1,0
1242,punishment,0,fix,0,182,R_3pojznZPwdZiZKk,pay,1,1
1284,punishment,0,fix,0,156,R_1DY2oxhVPaCnR8B,pay,1,0
1290,punishment,0,fix,0,180,R_5iOmHlHpfZg3EY8,pay,1,0
1293,punishment,0,fix,0,187,R_1xaePYc5nD7G4ZX,pay,1,0
1299,punishment,0,fix,0,87,R_7ZDjILQkip30hIa,pay,1,0
1308,punishment,0,fix,0,458,R_6AKf1NDtWzBuXK2,pay,1,0
1317,punishment,0,fix,0,174,R_5KwQqX7giiLviFz,pay,1,0
1338,punishment,0,fix,0,156,R_60pHqz6igD2kVaX,pay,1,0
1350,punishment,0,fix,0,778,R_7TZOVIdo5Il6c0r,pay,1,0
1356,punishment,0,fix,0,245,R_1k1HlbWHPfR7kRy,pay,1,0
1362,punishment,0,fix,0,184,R_3n9teDrgaU6b35v,pay,1,1
1365,punishment,0,fix,0,262,R_6PRsV3B6opiNsQh,pay,1,0
1374,punishment,0,fix,0,173,R_1jdKZW2pbm4N8DD,pay,1,0
1380,punishment,0,fix,0,232,R_7rkYjEdHpevUnqh,pay,1,0
1386,punishment,0,fix,0,149,R_7MYgnacIN9p7mQm,pay,1,0
3,reward,1,fix,0,139,R_7LHFAa9qGqfRX8O,pay,1,1
24,reward,1,fix,0,119,R_7lM5B9WrwQnflJq,pay,1,1
30,reward,1,fix,0,168,R_1eRDaCWgWcDBIbu,pay,1,1
36,reward,1,fix,0,118,R_7RpClhfjxeW82JM,pay,1,1
45,reward,1,fix,0,99,R_343WmX65SOUo8c9,pay,1,1
54,reward,1,fix,0,149,R_5EBuWysSKTXLy4S,pay,1,0
69,reward,1,fix,0,146,R_6Cn8iqAMnon9nGx,pay,1,1
81,reward,1,fix,0,2539,R_1CppZj9fiCpBN8h,pay,1,1
84,reward,1,fix,0,5248,R_1wN22RjJOVpmjCk,pay,1,0
93,reward,1,fix,0,54,R_74bDsdKuLLeD4hi,pay,1,0
129,reward,1,fix,0,120,R_1ZBJDt7zLTyuXUn,pay,1,1
153,reward,1,fix,0,229,R_34i7UbK9qeXQHWQ,pay,1,1
159,reward,1,fix,0,248,R_5CkX9Nnw63znhyQ,pay,1,1
162,reward,1,fix,0,73,R_5Ckcb1ZqBlxCXn4,pay,1,0
177,reward,1,fix,0,82,R_6uvROF0oTI74RlJ,pay,1,1
180,reward,1,fix,0,109,R_52Mx0l7rkNthUsd,pay,1,1
186,reward,1,fix,0,200,R_3eatT5lSgpXB9Io,pay,1,1
198,reward,1,fix,0,888,R_3gqkZfHpQrKsInL,pay,1,1
216,reward,1,fix,0,234,R_1fHRjzbNxrMi8kp,pay,1,1
237,reward,1,fix,0,118,R_1oFrnVoowuyNPdn,pay,1,1
252,reward,1,fix,0,219,R_5DlrkbaWPxOHR1n,pay,1,1
255,reward,1,fix,0,216,R_6419o7FWtGkrd1U,pay,1,0
276,reward,1,fix,0,111,R_5rjHsrcboCSECdq,pay,1,0
279,reward,1,fix,0,113,R_7j2wmpe1M9peUeS,pay,1,1
285,reward,1,fix,0,94,R_5UuLrKuWssS5uCJ,pay,1,0
303,reward,1,fix,0,107,R_6UfJpz6NAaje3v3,pay,1,1
318,reward,1,fix,0,95,R_1MidqKNXeHUTBrb,pay,1,0
321,reward,1,fix,0,265,R_3nxnf6CNiOprho5,pay,1,1
324,reward,1,fix,0,125,R_7uEcWpCxn2OAkyY,pay,1,1
342,reward,1,fix,0,288,R_3S0SXZM9orp4Ehf,pay,1,1
354,reward,1,fix,0,268,R_7UXgVMQCSRS7qEb,pay,1,0
375,reward,1,fix,0,2903,R_7WVkOtVdtpFqsnL,pay,1,0
390,reward,1,fix,0,195,R_50Vtx1DNcFGqCDz,pay,1,1
429,reward,1,fix,0,304,R_9NWKwczAcjJBaTU,pay,1,1
432,reward,1,fix,0,378,R_5Uhlb5TtUNLQGxE,pay,1,1
438,reward,1,fix,0,128,R_10uuk0KCer7fndl,pay,1,1
444,reward,1,fix,0,1344,R_3t4rFtD1zQkICnn,pay,1,0
453,reward,1,fix,0,234,R_1TotptSGQy0Bn9O,pay,1,0
456,reward,1,fix,0,165,R_515ie4s6ECcWn9D,pay,1,1
477,reward,1,fix,0,44,R_3pEi2ziglV9bLlP,pay,1,1
480,reward,1,fix,0,102,R_7wXBOobwGVPpQoF,pay,1,0
498,reward,1,fix,0,29,R_6IFBLV7K3189hI4,pay,1,1
528,reward,1,fix,0,137,R_3BfZZVwBsXSOwit,pay,1,1
537,reward,1,fix,0,411,R_1olroeXGqnk1s1b,pay,1,1
540,reward,1,fix,0,208,R_7vtiiJKEBIXGCMV,pay,1,1
546,reward,1,fix,0,130,R_52W1FMYd44kxDrU,pay,1,0
567,reward,1,fix,0,321,R_7EOc9SIRUais4Nz,pay,1,0
585,reward,1,fix,0,271,R_7Klhm7Xia7uQqdV,pay,1,0
588,reward,1,fix,0,182,R_165OVFjPEWqasqx,pay,1,1
600,reward,1,fix,0,103,R_1PmLNZ5BBKjJHAE,pay,1,1
606,reward,1,fix,0,215,R_6e3S6h6CF4cxjQ9,pay,1,1
612,reward,1,fix,0,179,R_3q9sJvsK9cchHtu,pay,1,1
621,reward,1,fix,0,162,R_5kyXV49bWruPVjE,pay,1,0
624,reward,1,fix,0,142,R_38VdC9ad3pY9jrE,pay,1,1
627,reward,1,fix,0,152,R_3a0xpY22VnSZhqF,pay,1,1
648,reward,1,fix,0,217,R_5e5abbJum75Ehu4,pay,1,1
660,reward,1,fix,0,149,R_55EeGjqJPKkR9h3,pay,1,1
669,reward,1,fix,0,660,R_6LjkIqYdNmBlGNL,pay,1,1
678,reward,1,fix,0,171,R_64hHwVf1HCiJrO0,pay,1,1
681,reward,1,fix,0,228,R_72uxYkGDMKuRBSM,pay,1,1
708,reward,1,fix,0,90,R_775N9To7GzmMDPr,pay,1,1
732,reward,1,fix,0,196,R_59GyDLkcmYKzOsV,pay,1,1
741,reward,1,fix,0,128,R_5rWKNF5wudoKsKd,pay,1,1
750,reward,1,fix,0,170,R_1t4lPuwglQldzAC,pay,1,1
753,reward,1,fix,0,199,R_5qBCcb2kJR0zW4F,pay,1,0
756,reward,1,fix,0,2521,R_5uQzvRBhaogatyd,pay,1,1
765,reward,1,fix,0,81,R_7QQKjowfxPysRXY,pay,1,1
774,reward,1,fix,0,232,R_1uU2DKVOkljipZq,pay,1,1
783,reward,1,fix,0,322,R_6pa8etnig65Bis6,pay,1,1
786,reward,1,fix,0,155,R_5OIOIbz9Bkygwys,pay,1,1
795,reward,1,fix,0,156,R_31v93uxwfQTZRXb,pay,1,1
810,reward,1,fix,0,130,R_3fJA95kNKLCA5Ef,pay,1,0
849,reward,1,fix,0,259,R_1pN0Vb94D07rVKN,pay,1,0
891,reward,1,fix,0,119,R_1dV77T4KXLWXh2F,pay,1,1
918,reward,1,fix,0,172,R_6vRlTQcEXIdqUXD,pay,1,1
939,reward,1,fix,0,258,R_7y1HGW1eqolXg18,pay,1,1
945,reward,1,fix,0,94,R_7rPMU5QJ31Cw4tW,pay,1,1
954,reward,1,fix,0,144,R_7380iJLXjJ5UTmd,pay,1,1
975,reward,1,fix,0,69,R_1RakLPuIrjDto3F,pay,1,1
1002,reward,1,fix,0,122,R_6H1EmqDVVIPVDlT,pay,1,0
1008,reward,1,fix,0,349,R_7ruewsWQmf4bFGV,pay,1,0
1011,reward,1,fix,0,138,R_30MwtIB8lsZpWlH,pay,1,1
1053,reward,1,fix,0,219,R_5KMAgYKwWzk5Rap,pay,1,0
1062,reward,1,fix,0,143,R_3NyXx2nDSgk7ejM,pay,1,1
1080,reward,1,fix,0,112,R_3kNy0r1rxUzgfVJ,pay,1,0
1083,reward,1,fix,0,144,R_5eIwMYVgoJts2Mi,pay,1,1
1092,reward,1,fix,0,153,R_1wALK02oLbvHRhN,pay,1,0
1110,reward,1,fix,0,161,R_6HD9UQRnVRRHJrX,pay,1,1
1128,reward,1,fix,0,74,R_5lXfW5NuUPRc4ZM,pay,1,0
1137,reward,1,fix,0,139,R_1WAJqQri9IWZwuF,pay,1,1
1149,reward,1,fix,0,100,R_32S1quJ8VGnCQDt,pay,1,1
1188,reward,1,fix,0,345,R_5azcc75gYPj3NkZ,pay,1,1
1191,reward,1,fix,0,155,R_5MnjJVXsBZM1rae,pay,1,1
1197,reward,1,fix,0,186,R_7GLgLmJYb5R3pEB,pay,1,1
1206,reward,1,fix,0,164,R_5TGc2fk69g8a8Bb,pay,1,1
1212,reward,1,fix,0,130,R_1mfS8oVl2p9AIiO,pay,1,1
1224,reward,1,fix,0,91,R_6g1PqiSek5eIHEx,pay,1,1
1230,reward,1,fix,0,74,R_1i2mzUdpxCzREO8,pay,1,0
1245,reward,1,fix,0,265,R_3ptLxmykNOa1azP,pay,1,0
1254,reward,1,fix,0,75,R_5g74mTmysl0PTK0,pay,1,1
1257,reward,1,fix,0,100,R_5ig1Ek6oJ5ieAI9,pay,1,1
1263,reward,1,fix,0,101,R_6nZVTd8wWPLG5W1,pay,1,1
1269,reward,1,fix,0,41,R_3pWwnCHjwTeWh4u,pay,1,0
1272,reward,1,fix,0,309,R_1fNL9lknSAPXsA2,pay,1,1
1311,reward,1,fix,0,147,R_6PdfKvj2vqpb5DD,pay,1,1
1323,reward,1,fix,0,121,R_7g0tzG13Xdj6Vt7,pay,1,1
1332,reward,1,fix,0,333,R_3QG0rI4n5IknOsK,pay,1,1
1341,reward,1,fix,0,107,R_7qChWmwFQvoEA5q,pay,1,0
1392,reward,1,fix,0,8911,R_1DpufElnKQiI0Lm,pay,1,1
6,punishment,0,prevent,1,122,R_3E41gVfbg2W2WBy,pay,1,1
21,punishment,0,prevent,1,202,R_3kiHudwLiyUJL4Q,pay,1,0
27,punishment,0,prevent,1,338,R_5NQIBwMscAdyYdX,pay,1,1
33,punishment,0,prevent,1,99,R_3EplqH6nRkLWz3G,pay,1,0
39,punishment,0,prevent,1,113,R_7IYKLeALFW2TkPS,pay,1,1
42,punishment,0,prevent,1,161,R_3rG6yAoPNwlmV54,pay,1,1
57,punishment,0,prevent,1,109,R_7p0cUkkCFEghAOJ,pay,1,1
66,punishment,0,prevent,1,131,R_7adWuhGRorD7a4p,pay,1,0
72,punishment,0,prevent,1,200,R_3MQmwTrMjiUKObg,pay,1,0
87,punishment,0,prevent,1,160,R_3PXjvxOFH3QS2Zv,pay,1,0
90,punishment,0,prevent,1,166,R_7lrGK47OKVlzb5x,pay,1,1
135,punishment,0,prevent,1,43,R_6Cy6Bd05oOPP4yV,pay,1,1
147,punishment,0,prevent,1,129,R_11nXNcVKOdeuHp7,pay,1,1
156,punishment,0,prevent,1,487,R_1MbSrfcdLNvtIzI,pay,1,1
165,punishment,0,prevent,1,194,R_5wN4lTV97eJEIFi,pay,1,1
174,punishment,0,prevent,1,612,R_7QoCFUJVhXWSqWl,pay,1,1
183,punishment,0,prevent,1,134,R_3Di4aoRkOQ9zH8v,pay,1,0
189,punishment,0,prevent,1,226,R_7QXyfizyPKZLttM,pay,1,0
201,punishment,0,prevent,1,192,R_7DUqVz23nKkHyvA,pay,1,1
210,punishment,0,prevent,1,644,R_3nV0REloaX8qq57,pay,1,0
213,punishment,0,prevent,1,147,R_7e9ykupgiAo73s7,pay,1,1
240,punishment,0,prevent,1,87,R_7G2LmHy2vzh48B7,pay,1,0
249,punishment,0,prevent,1,91,R_7IWh9OuBgunQFpi,pay,1,1
258,punishment,0,prevent,1,248,R_1R1Zizu8jLhqMjn,pay,1,0
273,punishment,0,prevent,1,706,R_7Btyy0DJbMyoGYW,pay,1,1
282,punishment,0,prevent,1,133,R_6It821Jv3Q7rnIR,pay,1,1
288,punishment,0,prevent,1,204,R_3kB479IsUYLMauW,pay,1,1
306,punishment,0,prevent,1,138,R_5hAVU0Xb6eEbwmx,pay,1,0
315,punishment,0,prevent,1,203,R_6qyhllOxg9ScgMk,pay,1,1
327,punishment,0,prevent,1,362,R_6JFr50mxF9dZqEM,pay,1,0
333,punishment,0,prevent,1,273,R_6Qm8UsGnjgz4PUk,pay,1,1
339,punishment,0,prevent,1,125,R_7pSivUT5z7Zpa3H,pay,1,0
351,punishment,0,prevent,1,485,R_6nUXj2LSSZaBeSA,pay,1,0
378,punishment,0,prevent,1,186,R_3WMTYa4CUOtzZ0B,pay,1,1
387,punishment,0,prevent,1,262,R_6NydLZpLdGvyNH3,pay,1,0
423,punishment,0,prevent,1,248,R_15uPUhdmGfTjdgr,pay,1,0
426,punishment,0,prevent,1,156,R_5rkpDEn7fIaYRhZ,pay,1,0
435,punishment,0,prevent,1,228,R_1fj37xTI0FhBAQa,pay,1,0
441,punishment,0,prevent,1,267,R_5lmh3xBEYDpxMwI,pay,1,0
447,punishment,0,prevent,1,113,R_6F5FzUvqm9q9BqU,pay,1,0
450,punishment,0,prevent,1,225,R_1DMNZ743If30PD4,pay,1,0
459,punishment,0,prevent,1,199,R_6pPAsGzOAmuq2wr,pay,1,0
474,punishment,0,prevent,1,56,R_6Hiasf2OkA6tBii,pay,1,0
483,punishment,0,prevent,1,138,R_1xRSXQu4O3hyHlf,pay,1,1
501,punishment,0,prevent,1,228,R_7QQqbMYe5DRI1hv,pay,1,0
531,punishment,0,prevent,1,148,R_6ENg9NiNFizw9xU,pay,1,0
534,punishment,0,prevent,1,156,R_5PgUtQ4tHCY3PWH,pay,1,0
543,punishment,0,prevent,1,185,R_5plieKubFVep3YO,pay,1,0
549,punishment,0,prevent,1,1088,R_1dErx6WtaHVN0ge,pay,1,1
558,punishment,0,prevent,1,48,R_6dyPadYg0Lig2Li,pay,1,0
579,punishment,0,prevent,1,27,R_1eWPcIvdcucZlGI,pay,1,
591,punishment,0,prevent,1,120,R_7Q5b12nrao2rIF3,pay,1,1
603,punishment,0,prevent,1,191,R_6kbHY0WHIyoPpsG,pay,1,0
609,punishment,0,prevent,1,155,R_7f1OzP9JxipPiKd,pay,1,0
615,punishment,0,prevent,1,378,R_6nPHtH514zlcvBf,pay,1,0
618,punishment,0,prevent,1,144,R_5QoM0wp3DjaOBqG,pay,1,1
630,punishment,0,prevent,1,268,R_17KEphmVdQMHMW4,pay,1,0
636,punishment,0,prevent,1,328,R_7l9SinEpgiMeRc5,pay,1,1
654,punishment,0,prevent,1,418,R_5HNwog6LJFewgvH,pay,1,1
663,punishment,0,prevent,1,193,R_7lDk3lrqKmYAn44,pay,1,0
666,punishment,0,prevent,1,242,R_7Kej6a9fBHGOIfe,pay,1,1
684,punishment,0,prevent,1,195,R_7KvaDVuy5ZRLg6E,pay,1,1
687,punishment,0,prevent,1,268,R_50o0Tk5LreEg64U,pay,1,0
711,punishment,0,prevent,1,217,R_1VJDjr5nXyKcsnf,pay,1,0
726,punishment,0,prevent,1,244,R_7SQaQh3C5aieKtz,pay,1,1
738,punishment,0,prevent,1,163,R_7r1cevEioacLD4Q,pay,1,0
744,punishment,0,prevent,1,361,R_3uRUx6Tc4QGUgVz,pay,1,0
747,punishment,0,prevent,1,400,R_6DGQ8iH55EewWfq,pay,1,1
759,punishment,0,prevent,1,55,R_5mUljPg6avQFT1u,pay,1,1
771,punishment,0,prevent,1,156,R_1N3U58kDAdTEEu6,pay,1,0
777,punishment,0,prevent,1,70,R_5WYx1MjJ2kU3Kav,pay,1,1
780,punishment,0,prevent,1,190,R_73g0mxPy13HYNTj,pay,1,1
789,punishment,0,prevent,1,55,R_5QX56TiMfYKVgoF,pay,1,0
792,punishment,0,prevent,1,170,R_1QfhC29R883hpM7,pay,1,0
813,punishment,0,prevent,1,116,R_3vC7SPVkQYEIX4d,pay,1,0
852,punishment,0,prevent,1,234,R_16bgreuUBysFACN,pay,1,0
894,punishment,0,prevent,1,216,R_1VO9l3gOq3FPRcl,pay,1,0
915,punishment,0,prevent,1,183,R_1VyF6SrXbtYszwB,pay,1,0
942,punishment,0,prevent,1,249,R_6Lu3ENMqRnedwzn,pay,1,0
948,punishment,0,prevent,1,728,R_7WuR7qH0DzUJqT1,pay,1,1
951,punishment,0,prevent,1,99,R_3Q0AFmsblizKGwo,pay,1,1
978,punishment,0,prevent,1,143,R_11hhzmZbJN8sJKI,pay,1,1
999,punishment,0,prevent,1,56,R_3Bm7tDHauRHMleF,pay,1,1
1005,punishment,0,prevent,1,206,R_34w84KosOQI5kLa,pay,1,0
1014,punishment,0,prevent,1,171,R_62na57446d66nQ6,pay,1,0
1056,punishment,0,prevent,1,260,R_5mqJgb38PEWlwf7,pay,1,0
1059,punishment,0,prevent,1,156,R_7wuw8t4NIkIwWxq,pay,1,1
1077,punishment,0,prevent,1,144,R_7mh3gmSSOa2wHt9,pay,1,1
1086,punishment,0,prevent,1,227,R_1JJGPWHlw55OpPM,pay,1,0
1089,punishment,0,prevent,1,255,R_7x3eu7iJlM22Vwt,pay,1,1
1107,punishment,0,prevent,1,144,R_39tsCdJ6RmzdOWf,pay,1,1
1125,punishment,0,prevent,1,115,R_7LFf8dR7q9jgDhr,pay,1,0
1140,punishment,0,prevent,1,131,R_3S8HvQdyASC8wUx,pay,1,0
1152,punishment,0,prevent,1,373,R_6nT9f05WUOtHXX7,pay,1,0
1185,punishment,0,prevent,1,174,R_7bJdZdiAxYCevTo,pay,1,0
1194,punishment,0,prevent,1,950,R_14VgoGWxn1kEv85,pay,1,1
1200,punishment,0,prevent,1,344,R_6388KF0YoJiMe5V,pay,1,0
1203,punishment,0,prevent,1,377,R_3EhcfiGS6QFT9eN,pay,1,1
1209,punishment,0,prevent,1,225,R_10Tyjw2e77NFsrC,pay,1,0
1221,punishment,0,prevent,1,202,R_6lLj3UM4Zaiaqa3,pay,1,1
1227,punishment,0,prevent,1,69,R_3RjFnDFk8oTvcRg,pay,1,1
1239,punishment,0,prevent,1,664,R_3DMiHkTSTJLBCJH,pay,1,0
1251,punishment,0,prevent,1,147,R_61BPKdTZeebvhXb,pay,1,0
1260,punishment,0,prevent,1,217,R_3I9MSrEh5Qbcq0H,pay,1,1
1266,punishment,0,prevent,1,168,R_5EKADpsCKRVqizA,pay,1,1
1275,punishment,0,prevent,1,112,R_7YLiwmyHIWl3J6E,pay,1,0
1278,punishment,0,prevent,1,1005,R_5GMtjS7ebKoYn2p,pay,1,0
1314,punishment,0,prevent,1,88,R_5Lmy9uCrzR1whUd,pay,1,0
1326,punishment,0,prevent,1,193,R_1PYRFgrSq9Wdazz,pay,1,1
1329,punishment,0,prevent,1,102,R_5pK7QrndwWrQJvW,pay,1,1
1344,punishment,0,prevent,1,311,R_34kgnm36O51Krjb,pay,1,1
1389,punishment,0,prevent,1,277,R_7fxlSnmgAXNMlRb,pay,1,0
12,reward,1,prevent,1,190,R_6GJKf561CaLxWCc,pay,1,1
15,reward,1,prevent,1,169,R_6igDR3KxzmLUhzz,pay,1,1
48,reward,1,prevent,1,242,R_5XCxfwvWeDgoCtj,pay,1,0
60,reward,1,prevent,1,141,R_1byYDUE7i6mb693,pay,1,1
75,reward,1,prevent,1,236,R_1o59aEgGFnUMBY2,pay,1,0
99,reward,1,prevent,1,85,R_6q8DJWgDlU8YUte,pay,1,0
102,reward,1,prevent,1,99,R_6fSKeZnPQj0T4Sj,pay,1,0
108,reward,1,prevent,1,495,R_62f0PB6cHEhtUeo,pay,1,1
114,reward,1,prevent,1,251,R_51z6Kt6PYc05B1m,pay,1,1
117,reward,1,prevent,1,213,R_7bADyqAb7JDKeIh,pay,1,1
132,reward,1,prevent,1,273,R_1iEitFpVQvNQf9k,pay,1,1
141,reward,1,prevent,1,139,R_6cYDckudwshLn2x,pay,1,1
150,reward,1,prevent,1,5541,R_68Mb0HYkggZ6grk,pay,1,1
168,reward,1,prevent,1,190,R_3KHoATcBPdLgW8P,pay,1,1
195,reward,1,prevent,1,234,R_7J3MSvNlUs3RqVi,pay,1,1
204,reward,1,prevent,1,174,R_50YiLVHEGVyEOCV,pay,1,1
219,reward,1,prevent,1,174,R_31TymOkfE2PHQPr,pay,1,1
228,reward,1,prevent,1,54,R_5noBIPBXZp2g8GY,pay,1,0
234,reward,1,prevent,1,98,R_6104eZfoC0CNkVV,pay,1,0
246,reward,1,prevent,1,127,R_5CJx3cdGAlVviDD,pay,1,1
264,reward,1,prevent,1,140,R_3rjDCchjKqeMreX,pay,1,0
270,reward,1,prevent,1,929,R_64kH3yooLbKE2uF,pay,1,1
294,reward,1,prevent,1,117,R_5dLhRbSY5rCVGhv,pay,1,1
300,reward,1,prevent,1,211,R_7SfdSG1lMzjMqt6,pay,1,1
309,reward,1,prevent,1,121,R_5Ht7I0YFU0WnIlT,pay,1,0
336,reward,1,prevent,1,110,R_71uc1RpYz6M5fLg,pay,1,1
348,reward,1,prevent,1,1262,R_72VN9ywqzulvDjW,pay,1,1
357,reward,1,prevent,1,148,R_7af9f3LsY3PnNI2,pay,1,1
363,reward,1,prevent,1,310,R_5TZcCRHUX4VkY4j,pay,1,0
369,reward,1,prevent,1,60,R_7y9KPvtxed2wlMH,pay,1,0
381,reward,1,prevent,1,326,R_7a9A4TO3VLo6KMD,pay,1,1
393,reward,1,prevent,1,123,R_1sBTy9cC9j516MG,pay,1,1
402,reward,1,prevent,1,166,R_6ikUVYWGozuHdU5,pay,1,1
408,reward,1,prevent,1,147,R_1zZtPujh4wrLgLj,pay,1,0
414,reward,1,prevent,1,325,R_3INaxDEKcNjTMgX,pay,1,1
417,reward,1,prevent,1,243,R_18HfaGFb5oyISRe,pay,1,1
465,reward,1,prevent,1,311,R_1EX52lbKHCltym0,pay,1,0
468,reward,1,prevent,1,116,R_12ob0IsDvnLnH8V,pay,1,0
489,reward,1,prevent,1,73,R_5uCfdSlJ4stM8r8,pay,1,0
495,reward,1,prevent,1,165,R_1gJlvmVGu5jUlAR,pay,1,1
507,reward,1,prevent,1,410,R_3P6dbrebRkYwpQL,pay,1,1
513,reward,1,prevent,1,121,R_3jPwWotHGnU1yCx,pay,1,0
516,reward,1,prevent,1,191,R_3HvLL8uCLy3evUp,pay,1,1
522,reward,1,prevent,1,262,R_1ER6gYbJRtL1dL1,pay,1,1
555,reward,1,prevent,1,156,R_3SMPHcHl6r6lEQ1,pay,1,1
561,reward,1,prevent,1,4219,R_3AmjBZRsIYybNLz,pay,1,0
570,reward,1,prevent,1,101,R_7LYgC9CArIsLOKa,pay,1,1
576,reward,1,prevent,1,125,R_5aJ0Hye6Ekoqnpl,pay,1,0
594,reward,1,prevent,1,196,R_1DwDDUrB8LIz1js,pay,1,0
639,reward,1,prevent,1,242,R_3ZE06H3nxlF8w0H,pay,1,0
645,reward,1,prevent,1,275,R_1N3XRxXM7Y9XpLY,pay,1,1
657,reward,1,prevent,1,89,R_3DTY7VdQZYQlxFv,pay,1,0
672,reward,1,prevent,1,330,R_1aDEJIk1VKzLd6N,pay,1,1
690,reward,1,prevent,1,149,R_1pr3NrRYuRr5QiQ,pay,1,0
699,reward,1,prevent,1,238,R_7MsMu2YUQPt4NQ3,pay,1,0
702,reward,1,prevent,1,109,R_5eLdiig2kPEzJ7E,pay,1,0
717,reward,1,prevent,1,469,R_3ozNitKPfWDgRgb,pay,1,0
723,reward,1,prevent,1,332,R_6BRwdv6qt4RgHti,pay,1,0
729,reward,1,prevent,1,125,R_3eR0dvZG1HQl4ZD,pay,1,1
762,reward,1,prevent,1,345,R_5bBDOTohQCLiYet,pay,1,1
801,reward,1,prevent,1,123,R_3XhbnGQXC9S2Xce,pay,1,0
807,reward,1,prevent,1,46,R_6EGpudpK1tQllcX,pay,1,1
816,reward,1,prevent,1,95,R_3QGCziiXUfTSxKY,pay,1,1
822,reward,1,prevent,1,165,R_5qNDYT8Us1iIEVS,pay,1,0
831,reward,1,prevent,1,70,R_5GEcR0PnoZsbsZ8,pay,1,0
834,reward,1,prevent,1,136,R_7fIIOoJxpyKq67T,pay,1,1
837,reward,1,prevent,1,158,R_5QM39HXdY2EPDnX,pay,1,1
846,reward,1,prevent,1,111,R_5dvkUomGCEBFTF2,pay,1,1
855,reward,1,prevent,1,165,R_6rA4RKmMOmyQOv7,pay,1,0
858,reward,1,prevent,1,60,R_5fx1GFwwxgjFNB7,pay,1,0
870,reward,1,prevent,1,240,R_6DhwVlZSrhQJeIV,pay,1,1
876,reward,1,prevent,1,141,R_6FG7sBY2XCh8gDk,pay,1,1
882,reward,1,prevent,1,298,R_3QloETFZhdabBcu,pay,1,0
888,reward,1,prevent,1,76,R_7G6AFiC43q5A7oI,pay,1,1
897,reward,1,prevent,1,118,R_1jHfC8PuviiNOvL,pay,1,0
903,reward,1,prevent,1,124,R_1UYGf59cn663KmO,pay,1,0
909,reward,1,prevent,1,180,R_6matOBAhcmzs2mB,pay,1,0
924,reward,1,prevent,1,2185,R_16UbbpUaBvEFumJ,pay,1,1
927,reward,1,prevent,1,38,R_51jPltV4QGjZgiA,pay,1,1
936,reward,1,prevent,1,108,R_6anse9oIogKApFO,pay,1,1
960,reward,1,prevent,1,126,R_782cPG5HInhGvvP,pay,1,0
966,reward,1,prevent,1,76,R_3pX85oxO6XYwMla,pay,1,1
972,reward,1,prevent,1,178,R_5uO3rEJNw8J7J30,pay,1,1
981,reward,1,prevent,1,25,R_1duMSj3VwmCLmPT,pay,1,0
987,reward,1,prevent,1,149,R_3VEby7CSrzJZK5L,pay,1,1
993,reward,1,prevent,1,278,R_3eRwgIHtWgCBEkN,pay,1,1
1020,reward,1,prevent,1,177,R_1PvDNCANInTXxtL,pay,1,1
1026,reward,1,prevent,1,150,R_6F2ve0O1Tluwn3O,pay,1,0
1032,reward,1,prevent,1,318,R_6Du41Z8xLDP9044,pay,1,0
1038,reward,1,prevent,1,116,R_1vLcAmibR6vzpOV,pay,1,1
1041,reward,1,prevent,1,150,R_3YyUCnwK3TRoUwY,pay,1,0
1047,reward,1,prevent,1,449,R_5u2ZQQKN2XHMTRf,pay,1,1
1068,reward,1,prevent,1,276,R_5B6e0aeq95TOF1L,pay,1,1
1074,reward,1,prevent,1,181,R_1ilqUgdpV2CR1m1,pay,1,0
1095,reward,1,prevent,1,164,R_3b0Ey0PyBIxcP20,pay,1,1
1104,reward,1,prevent,1,173,R_7UYiEDYlkXX6De7,pay,1,1
1116,reward,1,prevent,1,158,R_1lqj5GG3J6E6QqB,pay,1,0
1119,reward,1,prevent,1,212,R_7ZrBXV6kOIb4Spr,pay,1,0
1134,reward,1,prevent,1,403,R_13elPykTkYjrVAT,pay,1,1
1146,reward,1,prevent,1,121,R_1HT8QxbeNZWc76u,pay,1,0
1158,reward,1,prevent,1,249,R_6bTauVCtENZJd2p,pay,1,1
1161,reward,1,prevent,1,105,R_3sYZlThEH0aIdkD,pay,1,0
1167,reward,1,prevent,1,165,R_5qR9FH62g3yfSqB,pay,1,1
1173,reward,1,prevent,1,133,R_1CyKgU7GZcDo1Dk,pay,1,1
1182,reward,1,prevent,1,124,R_5M3D89vCwAUS22l,pay,1,0
1218,reward,1,prevent,1,117,R_7dKXm2fJ8bBlbWi,pay,1,1
1233,reward,1,prevent,1,398,R_70TVOpTf9oAI2vX,pay,1,1
1248,reward,1,prevent,1,216,R_6ey5mZZ2AlojIcX,pay,1,1
1281,reward,1,prevent,1,409,R_6nlFwrEUhchf2pz,pay,1,0
1287,reward,1,prevent,1,110,R_6MKfgiyQ5IMvUIK,pay,1,0
1296,reward,1,prevent,1,269,R_3hgOxVBTwK7pOyX,pay,1,0
1302,reward,1,prevent,1,93,R_5QzKfOIwMVFLHoH,pay,1,1
1305,reward,1,prevent,1,171,R_7Uht8QDejh10qmB,pay,1,1
1320,reward,1,prevent,1,143,R_62lYn1jlAFTaSXK,pay,1,0
1335,reward,1,prevent,1,151,R_6YS3lMBYoMgODcu,pay,1,1
1347,reward,1,prevent,1,405,R_5iIPU3kFL1G9doH,pay,1,0
1353,reward,1,prevent,1,161,R_5tu1Mga1iZbdqLk,pay,1,0
1359,reward,1,prevent,1,142,R_3hx6s02EgYLeT73,pay,1,0
1368,reward,1,prevent,1,247,R_61cuOmDllUd6P9r,pay,1,1
1371,reward,1,prevent,1,85,R_3EohnfBk1iiiuvt,pay,1,1
1377,reward,1,prevent,1,182,R_7SoDCGxZgJZmkGi,pay,1,0
1383,reward,1,prevent,1,147,R_3lltqvzAtZE21Pz,pay,1,1
8,punishment,0,fix,0,113,R_1espPXdiZoFuhpP,taxes,2,0
17,punishment,0,fix,0,95,R_7nPNWBQ8hKzMn4z,taxes,2,1
50,punishment,0,fix,0,151,R_7pzB6hPC2yTx1N7,taxes,2,0
62,punishment,0,fix,0,226,R_5v81zWi4ZWn7cvg,taxes,2,1
77,punishment,0,fix,0,100,R_1f6HFIxkZVjpLHP,taxes,2,0
95,punishment,0,fix,0,202,R_6gMCMWtvYEGOlA3,taxes,2,0
104,punishment,0,fix,0,9482,R_5VoSxA0NUHwTiZr,taxes,2,0
110,punishment,0,fix,0,161,R_1Rp4jrSwYJEPoZz,taxes,2,0
119,punishment,0,fix,0,165,R_7y3nT89qBpW7efb,taxes,2,0
122,punishment,0,fix,0,2241,R_1eqXfjH4EvvImwx,taxes,2,
125,punishment,0,fix,0,117,R_5lrQzuks20UDQcm,taxes,2,0
137,punishment,0,fix,0,106,R_7GW9kFULHdHI6Rb,taxes,2,0
143,punishment,0,fix,0,731,R_63OwqFXIdzWxUpH,taxes,2,0
170,punishment,0,fix,0,115,R_6lKzU45BDCj5YGZ,taxes,2,1
191,punishment,0,fix,0,359,R_63fmLER0amzneN6,taxes,2,0
206,punishment,0,fix,0,159,R_6dFpJC1S6Q8z0Pn,taxes,2,0
221,punishment,0,fix,0,174,R_3uPXqlZ4BJ0iCdY,taxes,2,1
224,punishment,0,fix,0,206,R_6ewcyYlz7yyN667,taxes,2,0
230,punishment,0,fix,0,149,R_3WYfQi7ogDvuXv3,taxes,2,0
242,punishment,0,fix,0,554,R_7EHk8Mk5y24D0io,taxes,2,0
260,punishment,0,fix,0,227,R_7BbcCjHWkiCiBJF,taxes,2,1
266,punishment,0,fix,0,157,R_3g71f612os2z8Np,taxes,2,1
290,punishment,0,fix,0,108,R_6Lqh5WAdGWsCwwU,taxes,2,0
296,punishment,0,fix,0,109,R_38EtjO5V2LqQBfX,taxes,2,0
311,punishment,0,fix,0,124,R_6e5GzesPChXoRVv,taxes,2,0
329,punishment,0,fix,0,174,R_7Hc23EvTkxn87JC,taxes,2,1
344,punishment,0,fix,0,102,R_12ir0SBjNuoCnxu,taxes,2,0
359,punishment,0,fix,0,29,R_5DOXnv3IxCGfhzM,taxes,2,
365,punishment,0,fix,0,169,R_63m1fM5ULQ5aNPM,taxes,2,0
371,punishment,0,fix,0,96,R_5X08ZkNeWnt9DXK,taxes,2,0
383,punishment,0,fix,0,106,R_1JUtFkYooPfWM4D,taxes,2,1
395,punishment,0,fix,0,30,R_52ubY1F7agve641,taxes,2,1
398,punishment,0,fix,0,442,R_73eGwLcYRVeaoV3,taxes,2,0
404,punishment,0,fix,0,49,R_5zBAida6FZzhK7u,taxes,2,
410,punishment,0,fix,0,170,R_5ILgQNOgbTMFNKD,taxes,2,0
419,punishment,0,fix,0,170,R_1LIi7nyF0NC1E3p,taxes,2,1
461,punishment,0,fix,0,305,R_5xz70oh3Q8G17kn,taxes,2,0
470,punishment,0,fix,0,142,R_5VO4XSWgoZKl7yP,taxes,2,0
485,punishment,0,fix,0,127,R_5I3jZA7OeTYwDjO,taxes,2,0
491,punishment,0,fix,0,135,R_1xAe4jTOR0STZjo,taxes,2,0
503,punishment,0,fix,0,125,R_3IuPd2MPF6hdLNi,taxes,2,0
509,punishment,0,fix,0,239,R_6y3CUmloTQPC8xf,taxes,2,0
518,punishment,0,fix,0,112,R_6sbH4xzRswqs9nc,taxes,2,0
524,punishment,0,fix,0,180,R_3n1PvVidfRKKy4E,taxes,2,1
551,punishment,0,fix,0,121,R_5z26kwXCJXF5zMt,taxes,2,0
563,punishment,0,fix,0,201,R_5QKT8S0747jYCUj,taxes,2,0
572,punishment,0,fix,0,316,R_6ym6wHcun4eabGk,taxes,2,0
581,punishment,0,fix,0,1026,R_7QDzPbAzD7HwAjP,taxes,2,1
596,punishment,0,fix,0,232,R_1Hw6kHG8eM8qJvV,taxes,2,0
632,punishment,0,fix,0,329,R_7asYcmD8Zp0KT4d,taxes,2,0
641,punishment,0,fix,0,158,R_663kTESEgu3gwVe,taxes,2,1
650,punishment,0,fix,0,162,R_10HPeHrbH7MVLof,taxes,2,1
674,punishment,0,fix,0,50,R_62WksdKtXNOivse,taxes,2,1
692,punishment,0,fix,0,178,R_5SfvPUYmrx5CB8W,taxes,2,0
695,punishment,0,fix,0,109,R_5Au1yEQyx2FURJ7,taxes,2,1
704,punishment,0,fix,0,133,R_7mWvJYLbsAf5M2L,taxes,2,1
713,punishment,0,fix,0,191,R_6k5tm5IHNVNiNDf,taxes,2,0
719,punishment,0,fix,0,216,R_1gbgOGleTprv7JT,taxes,2,1
734,punishment,0,fix,0,354,R_1CJJDZQTYZk43ap,taxes,2,0
767,punishment,0,fix,0,148,R_1DotdSm8TdVs7gd,taxes,2,0
797,punishment,0,fix,0,186,R_6VOARroID4Mmrf1,taxes,2,0
803,punishment,0,fix,0,795,R_641L7Q1RcrHPHbx,taxes,2,1
818,punishment,0,fix,0,196,R_3nu1p4r3EcbjnFL,taxes,2,
824,punishment,0,fix,0,104,R_31uywODrebhe9l4,taxes,2,0
827,punishment,0,fix,0,162,R_6r9b4jKeWHP1SAh,taxes,2,1
839,punishment,0,fix,0,158,R_1EYVVBk74LWPGOX,taxes,2,1
842,punishment,0,fix,0,249,R_6JeCFTjbsheR3w1,taxes,2,0
860,punishment,0,fix,0,153,R_7E4YNad35WcNqy1,taxes,2,1
863,punishment,0,fix,0,79,R_1AZOahPxUfMAnHU,taxes,2,0
866,punishment,0,fix,0,269,R_7WIHqdeta7oAcUR,taxes,2,1
872,punishment,0,fix,0,153,R_5VkZIAWzgWEZYnb,taxes,2,0
878,punishment,0,fix,0,487,R_8mh0zLaQATjCK3C,taxes,2,0
884,punishment,0,fix,0,129,R_6Sv00p6Li3z1tue,taxes,2,0
899,punishment,0,fix,0,108,R_3w6re32mYNMcKIq,taxes,2,1
905,punishment,0,fix,0,172,R_1egABiqgbdoxcCL,taxes,2,1
911,punishment,0,fix,0,115,R_66b7sW8kowS3X1J,taxes,2,0
920,punishment,0,fix,0,200,R_6E4KgbQjm8kDKwL,taxes,2,1
929,punishment,0,fix,0,463,R_37qvDyorsjdtF5w,taxes,2,1
932,punishment,0,fix,0,69,R_7NIHutBn4J5cOJg,taxes,2,0
956,punishment,0,fix,0,218,R_5R8DDhm6MVSzOz3,taxes,2,0
962,punishment,0,fix,0,133,R_1QyWVZZzy6GJx5H,taxes,2,1
968,punishment,0,fix,0,256,R_3VmgAcFCxRrlICI,taxes,2,0
983,punishment,0,fix,0,156,R_77KIrmVCNRh3abD,taxes,2,0
989,punishment,0,fix,0,166,R_6d9vz9q9HLjMLAd,taxes,2,0
995,punishment,0,fix,0,146,R_1g56Vt8GyaGyT2R,taxes,2,0
1016,punishment,0,fix,0,215,R_6h6WVkOxLAExicF,taxes,2,1
1022,punishment,0,fix,0,185,R_5li94TxvsP0J2EC,taxes,2,1
1028,punishment,0,fix,0,120,R_6CC7Cm2ZR0NAiHA,taxes,2,0
1034,punishment,0,fix,0,196,R_682BbqmGhzT3yIF,taxes,2,0
1043,punishment,0,fix,0,150,R_5lyqNgoXNnTLB9l,taxes,2,0
1049,punishment,0,fix,0,142,R_6RNZKvdp8VAe4nf,taxes,2,1
1064,punishment,0,fix,0,122,R_5jg1xacWetyIFtj,taxes,2,0
1070,punishment,0,fix,0,126,R_5FyNSLRtCZWLuxJ,taxes,2,0
1097,punishment,0,fix,0,433,R_3nVoJd17v4Bfufm,taxes,2,0
1100,punishment,0,fix,0,99,R_7VmO3CdtfBZUKhW,taxes,2,0
1112,punishment,0,fix,0,123,R_1k1UC4cQS124bjd,taxes,2,1
1121,punishment,0,fix,0,725,R_10dHY3ggQ3vbxyq,taxes,2,0
1130,punishment,0,fix,0,226,R_3UgCQ0sUcToeAU4,taxes,2,0
1142,punishment,0,fix,0,270,R_607CXhwitVfNB86,taxes,2,0
1154,punishment,0,fix,0,476,R_12A2Y8k3nVEEZy1,taxes,2,1
1163,punishment,0,fix,0,439,R_56feMHX7YdXxV6q,taxes,2,1
1169,punishment,0,fix,0,291,R_3hR9167KD8GNUF1,taxes,2,0
1175,punishment,0,fix,0,229,R_59juhvD78MBvTk5,taxes,2,0
1178,punishment,0,fix,0,144,R_6fNWXq33dxfiOof,taxes,2,0
1214,punishment,0,fix,0,105,R_7TB0AloZiZEgIgi,taxes,2,1
1235,punishment,0,fix,0,131,R_7h0H4mh0VOYRuq5,taxes,2,0
1241,punishment,0,fix,0,182,R_3pojznZPwdZiZKk,taxes,2,0
1283,punishment,0,fix,0,156,R_1DY2oxhVPaCnR8B,taxes,2,0
1289,punishment,0,fix,0,180,R_5iOmHlHpfZg3EY8,taxes,2,0
1292,punishment,0,fix,0,187,R_1xaePYc5nD7G4ZX,taxes,2,0
1298,punishment,0,fix,0,87,R_7ZDjILQkip30hIa,taxes,2,1
1307,punishment,0,fix,0,458,R_6AKf1NDtWzBuXK2,taxes,2,0
1316,punishment,0,fix,0,174,R_5KwQqX7giiLviFz,taxes,2,0
1337,punishment,0,fix,0,156,R_60pHqz6igD2kVaX,taxes,2,1
1349,punishment,0,fix,0,778,R_7TZOVIdo5Il6c0r,taxes,2,0
1355,punishment,0,fix,0,245,R_1k1HlbWHPfR7kRy,taxes,2,0
1361,punishment,0,fix,0,184,R_3n9teDrgaU6b35v,taxes,2,1
1364,punishment,0,fix,0,262,R_6PRsV3B6opiNsQh,taxes,2,0
1373,punishment,0,fix,0,173,R_1jdKZW2pbm4N8DD,taxes,2,0
1379,punishment,0,fix,0,232,R_7rkYjEdHpevUnqh,taxes,2,1
1385,punishment,0,fix,0,149,R_7MYgnacIN9p7mQm,taxes,2,0
2,reward,1,fix,0,139,R_7LHFAa9qGqfRX8O,taxes,2,1
23,reward,1,fix,0,119,R_7lM5B9WrwQnflJq,taxes,2,1
29,reward,1,fix,0,168,R_1eRDaCWgWcDBIbu,taxes,2,1
35,reward,1,fix,0,118,R_7RpClhfjxeW82JM,taxes,2,1
44,reward,1,fix,0,99,R_343WmX65SOUo8c9,taxes,2,0
53,reward,1,fix,0,149,R_5EBuWysSKTXLy4S,taxes,2,1
68,reward,1,fix,0,146,R_6Cn8iqAMnon9nGx,taxes,2,1
80,reward,1,fix,0,2539,R_1CppZj9fiCpBN8h,taxes,2,1
83,reward,1,fix,0,5248,R_1wN22RjJOVpmjCk,taxes,2,1
92,reward,1,fix,0,54,R_74bDsdKuLLeD4hi,taxes,2,0
128,reward,1,fix,0,120,R_1ZBJDt7zLTyuXUn,taxes,2,1
152,reward,1,fix,0,229,R_34i7UbK9qeXQHWQ,taxes,2,1
158,reward,1,fix,0,248,R_5CkX9Nnw63znhyQ,taxes,2,0
161,reward,1,fix,0,73,R_5Ckcb1ZqBlxCXn4,taxes,2,0
176,reward,1,fix,0,82,R_6uvROF0oTI74RlJ,taxes,2,1
179,reward,1,fix,0,109,R_52Mx0l7rkNthUsd,taxes,2,1
185,reward,1,fix,0,200,R_3eatT5lSgpXB9Io,taxes,2,0
197,reward,1,fix,0,888,R_3gqkZfHpQrKsInL,taxes,2,1
215,reward,1,fix,0,234,R_1fHRjzbNxrMi8kp,taxes,2,1
236,reward,1,fix,0,118,R_1oFrnVoowuyNPdn,taxes,2,1
251,reward,1,fix,0,219,R_5DlrkbaWPxOHR1n,taxes,2,0
254,reward,1,fix,0,216,R_6419o7FWtGkrd1U,taxes,2,0
275,reward,1,fix,0,111,R_5rjHsrcboCSECdq,taxes,2,1
278,reward,1,fix,0,113,R_7j2wmpe1M9peUeS,taxes,2,1
284,reward,1,fix,0,94,R_5UuLrKuWssS5uCJ,taxes,2,0
302,reward,1,fix,0,107,R_6UfJpz6NAaje3v3,taxes,2,1
317,reward,1,fix,0,95,R_1MidqKNXeHUTBrb,taxes,2,1
320,reward,1,fix,0,265,R_3nxnf6CNiOprho5,taxes,2,1
323,reward,1,fix,0,125,R_7uEcWpCxn2OAkyY,taxes,2,1
341,reward,1,fix,0,288,R_3S0SXZM9orp4Ehf,taxes,2,1
353,reward,1,fix,0,268,R_7UXgVMQCSRS7qEb,taxes,2,1
374,reward,1,fix,0,2903,R_7WVkOtVdtpFqsnL,taxes,2,0
389,reward,1,fix,0,195,R_50Vtx1DNcFGqCDz,taxes,2,1
428,reward,1,fix,0,304,R_9NWKwczAcjJBaTU,taxes,2,1
431,reward,1,fix,0,378,R_5Uhlb5TtUNLQGxE,taxes,2,1
437,reward,1,fix,0,128,R_10uuk0KCer7fndl,taxes,2,1
443,reward,1,fix,0,1344,R_3t4rFtD1zQkICnn,taxes,2,0
452,reward,1,fix,0,234,R_1TotptSGQy0Bn9O,taxes,2,0
455,reward,1,fix,0,165,R_515ie4s6ECcWn9D,taxes,2,1
476,reward,1,fix,0,44,R_3pEi2ziglV9bLlP,taxes,2,1
479,reward,1,fix,0,102,R_7wXBOobwGVPpQoF,taxes,2,1
497,reward,1,fix,0,29,R_6IFBLV7K3189hI4,taxes,2,0
527,reward,1,fix,0,137,R_3BfZZVwBsXSOwit,taxes,2,1
536,reward,1,fix,0,411,R_1olroeXGqnk1s1b,taxes,2,1
539,reward,1,fix,0,208,R_7vtiiJKEBIXGCMV,taxes,2,0
545,reward,1,fix,0,130,R_52W1FMYd44kxDrU,taxes,2,0
566,reward,1,fix,0,321,R_7EOc9SIRUais4Nz,taxes,2,1
584,reward,1,fix,0,271,R_7Klhm7Xia7uQqdV,taxes,2,1
587,reward,1,fix,0,182,R_165OVFjPEWqasqx,taxes,2,1
599,reward,1,fix,0,103,R_1PmLNZ5BBKjJHAE,taxes,2,1
605,reward,1,fix,0,215,R_6e3S6h6CF4cxjQ9,taxes,2,1
611,reward,1,fix,0,179,R_3q9sJvsK9cchHtu,taxes,2,1
620,reward,1,fix,0,162,R_5kyXV49bWruPVjE,taxes,2,0
623,reward,1,fix,0,142,R_38VdC9ad3pY9jrE,taxes,2,1
626,reward,1,fix,0,152,R_3a0xpY22VnSZhqF,taxes,2,1
647,reward,1,fix,0,217,R_5e5abbJum75Ehu4,taxes,2,1
659,reward,1,fix,0,149,R_55EeGjqJPKkR9h3,taxes,2,1
668,reward,1,fix,0,660,R_6LjkIqYdNmBlGNL,taxes,2,1
677,reward,1,fix,0,171,R_64hHwVf1HCiJrO0,taxes,2,1
680,reward,1,fix,0,228,R_72uxYkGDMKuRBSM,taxes,2,1
707,reward,1,fix,0,90,R_775N9To7GzmMDPr,taxes,2,0
731,reward,1,fix,0,196,R_59GyDLkcmYKzOsV,taxes,2,1
740,reward,1,fix,0,128,R_5rWKNF5wudoKsKd,taxes,2,1
749,reward,1,fix,0,170,R_1t4lPuwglQldzAC,taxes,2,1
752,reward,1,fix,0,199,R_5qBCcb2kJR0zW4F,taxes,2,0
755,reward,1,fix,0,2521,R_5uQzvRBhaogatyd,taxes,2,0
764,reward,1,fix,0,81,R_7QQKjowfxPysRXY,taxes,2,1
773,reward,1,fix,0,232,R_1uU2DKVOkljipZq,taxes,2,1
782,reward,1,fix,0,322,R_6pa8etnig65Bis6,taxes,2,1
785,reward,1,fix,0,155,R_5OIOIbz9Bkygwys,taxes,2,1
794,reward,1,fix,0,156,R_31v93uxwfQTZRXb,taxes,2,1
809,reward,1,fix,0,130,R_3fJA95kNKLCA5Ef,taxes,2,0
848,reward,1,fix,0,259,R_1pN0Vb94D07rVKN,taxes,2,0
890,reward,1,fix,0,119,R_1dV77T4KXLWXh2F,taxes,2,1
917,reward,1,fix,0,172,R_6vRlTQcEXIdqUXD,taxes,2,1
938,reward,1,fix,0,258,R_7y1HGW1eqolXg18,taxes,2,1
944,reward,1,fix,0,94,R_7rPMU5QJ31Cw4tW,taxes,2,1
953,reward,1,fix,0,144,R_7380iJLXjJ5UTmd,taxes,2,1
974,reward,1,fix,0,69,R_1RakLPuIrjDto3F,taxes,2,0
1001,reward,1,fix,0,122,R_6H1EmqDVVIPVDlT,taxes,2,1
1007,reward,1,fix,0,349,R_7ruewsWQmf4bFGV,taxes,2,1
1010,reward,1,fix,0,138,R_30MwtIB8lsZpWlH,taxes,2,1
1052,reward,1,fix,0,219,R_5KMAgYKwWzk5Rap,taxes,2,0
1061,reward,1,fix,0,143,R_3NyXx2nDSgk7ejM,taxes,2,1
1079,reward,1,fix,0,112,R_3kNy0r1rxUzgfVJ,taxes,2,1
1082,reward,1,fix,0,144,R_5eIwMYVgoJts2Mi,taxes,2,0
1091,reward,1,fix,0,153,R_1wALK02oLbvHRhN,taxes,2,0
1109,reward,1,fix,0,161,R_6HD9UQRnVRRHJrX,taxes,2,1
1127,reward,1,fix,0,74,R_5lXfW5NuUPRc4ZM,taxes,2,0
1136,reward,1,fix,0,139,R_1WAJqQri9IWZwuF,taxes,2,0
1148,reward,1,fix,0,100,R_32S1quJ8VGnCQDt,taxes,2,1
1187,reward,1,fix,0,345,R_5azcc75gYPj3NkZ,taxes,2,0
1190,reward,1,fix,0,155,R_5MnjJVXsBZM1rae,taxes,2,1
1196,reward,1,fix,0,186,R_7GLgLmJYb5R3pEB,taxes,2,1
1205,reward,1,fix,0,164,R_5TGc2fk69g8a8Bb,taxes,2,1
1211,reward,1,fix,0,130,R_1mfS8oVl2p9AIiO,taxes,2,1
1223,reward,1,fix,0,91,R_6g1PqiSek5eIHEx,taxes,2,1
1229,reward,1,fix,0,74,R_1i2mzUdpxCzREO8,taxes,2,1
1244,reward,1,fix,0,265,R_3ptLxmykNOa1azP,taxes,2,0
1253,reward,1,fix,0,75,R_5g74mTmysl0PTK0,taxes,2,1
1256,reward,1,fix,0,100,R_5ig1Ek6oJ5ieAI9,taxes,2,0
1262,reward,1,fix,0,101,R_6nZVTd8wWPLG5W1,taxes,2,1
1268,reward,1,fix,0,41,R_3pWwnCHjwTeWh4u,taxes,2,1
1271,reward,1,fix,0,309,R_1fNL9lknSAPXsA2,taxes,2,1
1310,reward,1,fix,0,147,R_6PdfKvj2vqpb5DD,taxes,2,1
1322,reward,1,fix,0,121,R_7g0tzG13Xdj6Vt7,taxes,2,1
1331,reward,1,fix,0,333,R_3QG0rI4n5IknOsK,taxes,2,1
1340,reward,1,fix,0,107,R_7qChWmwFQvoEA5q,taxes,2,1
1391,reward,1,fix,0,8911,R_1DpufElnKQiI0Lm,taxes,2,1
5,punishment,0,prevent,1,122,R_3E41gVfbg2W2WBy,taxes,2,1
20,punishment,0,prevent,1,202,R_3kiHudwLiyUJL4Q,taxes,2,1
26,punishment,0,prevent,1,338,R_5NQIBwMscAdyYdX,taxes,2,1
32,punishment,0,prevent,1,99,R_3EplqH6nRkLWz3G,taxes,2,0
38,punishment,0,prevent,1,113,R_7IYKLeALFW2TkPS,taxes,2,1
41,punishment,0,prevent,1,161,R_3rG6yAoPNwlmV54,taxes,2,0
56,punishment,0,prevent,1,109,R_7p0cUkkCFEghAOJ,taxes,2,1
65,punishment,0,prevent,1,131,R_7adWuhGRorD7a4p,taxes,2,0
71,punishment,0,prevent,1,200,R_3MQmwTrMjiUKObg,taxes,2,0
86,punishment,0,prevent,1,160,R_3PXjvxOFH3QS2Zv,taxes,2,0
89,punishment,0,prevent,1,166,R_7lrGK47OKVlzb5x,taxes,2,1
134,punishment,0,prevent,1,43,R_6Cy6Bd05oOPP4yV,taxes,2,0
146,punishment,0,prevent,1,129,R_11nXNcVKOdeuHp7,taxes,2,1
155,punishment,0,prevent,1,487,R_1MbSrfcdLNvtIzI,taxes,2,1
164,punishment,0,prevent,1,194,R_5wN4lTV97eJEIFi,taxes,2,0
173,punishment,0,prevent,1,612,R_7QoCFUJVhXWSqWl,taxes,2,0
182,punishment,0,prevent,1,134,R_3Di4aoRkOQ9zH8v,taxes,2,1
188,punishment,0,prevent,1,226,R_7QXyfizyPKZLttM,taxes,2,0
200,punishment,0,prevent,1,192,R_7DUqVz23nKkHyvA,taxes,2,1
209,punishment,0,prevent,1,644,R_3nV0REloaX8qq57,taxes,2,0
212,punishment,0,prevent,1,147,R_7e9ykupgiAo73s7,taxes,2,1
239,punishment,0,prevent,1,87,R_7G2LmHy2vzh48B7,taxes,2,1
248,punishment,0,prevent,1,91,R_7IWh9OuBgunQFpi,taxes,2,0
257,punishment,0,prevent,1,248,R_1R1Zizu8jLhqMjn,taxes,2,0
272,punishment,0,prevent,1,706,R_7Btyy0DJbMyoGYW,taxes,2,0
281,punishment,0,prevent,1,133,R_6It821Jv3Q7rnIR,taxes,2,1
287,punishment,0,prevent,1,204,R_3kB479IsUYLMauW,taxes,2,1
305,punishment,0,prevent,1,138,R_5hAVU0Xb6eEbwmx,taxes,2,0
314,punishment,0,prevent,1,203,R_6qyhllOxg9ScgMk,taxes,2,1
326,punishment,0,prevent,1,362,R_6JFr50mxF9dZqEM,taxes,2,0
332,punishment,0,prevent,1,273,R_6Qm8UsGnjgz4PUk,taxes,2,1
338,punishment,0,prevent,1,125,R_7pSivUT5z7Zpa3H,taxes,2,0
350,punishment,0,prevent,1,485,R_6nUXj2LSSZaBeSA,taxes,2,0
377,punishment,0,prevent,1,186,R_3WMTYa4CUOtzZ0B,taxes,2,1
386,punishment,0,prevent,1,262,R_6NydLZpLdGvyNH3,taxes,2,1
422,punishment,0,prevent,1,248,R_15uPUhdmGfTjdgr,taxes,2,0
425,punishment,0,prevent,1,156,R_5rkpDEn7fIaYRhZ,taxes,2,0
434,punishment,0,prevent,1,228,R_1fj37xTI0FhBAQa,taxes,2,0
440,punishment,0,prevent,1,267,R_5lmh3xBEYDpxMwI,taxes,2,0
446,punishment,0,prevent,1,113,R_6F5FzUvqm9q9BqU,taxes,2,0
449,punishment,0,prevent,1,225,R_1DMNZ743If30PD4,taxes,2,0
458,punishment,0,prevent,1,199,R_6pPAsGzOAmuq2wr,taxes,2,1
473,punishment,0,prevent,1,56,R_6Hiasf2OkA6tBii,taxes,2,1
482,punishment,0,prevent,1,138,R_1xRSXQu4O3hyHlf,taxes,2,0
500,punishment,0,prevent,1,228,R_7QQqbMYe5DRI1hv,taxes,2,0
530,punishment,0,prevent,1,148,R_6ENg9NiNFizw9xU,taxes,2,0
533,punishment,0,prevent,1,156,R_5PgUtQ4tHCY3PWH,taxes,2,0
542,punishment,0,prevent,1,185,R_5plieKubFVep3YO,taxes,2,0
548,punishment,0,prevent,1,1088,R_1dErx6WtaHVN0ge,taxes,2,0
557,punishment,0,prevent,1,48,R_6dyPadYg0Lig2Li,taxes,2,1
578,punishment,0,prevent,1,27,R_1eWPcIvdcucZlGI,taxes,2,
590,punishment,0,prevent,1,120,R_7Q5b12nrao2rIF3,taxes,2,1
602,punishment,0,prevent,1,191,R_6kbHY0WHIyoPpsG,taxes,2,0
608,punishment,0,prevent,1,155,R_7f1OzP9JxipPiKd,taxes,2,0
614,punishment,0,prevent,1,378,R_6nPHtH514zlcvBf,taxes,2,0
617,punishment,0,prevent,1,144,R_5QoM0wp3DjaOBqG,taxes,2,1
629,punishment,0,prevent,1,268,R_17KEphmVdQMHMW4,taxes,2,1
635,punishment,0,prevent,1,328,R_7l9SinEpgiMeRc5,taxes,2,0
653,punishment,0,prevent,1,418,R_5HNwog6LJFewgvH,taxes,2,1
662,punishment,0,prevent,1,193,R_7lDk3lrqKmYAn44,taxes,2,0
665,punishment,0,prevent,1,242,R_7Kej6a9fBHGOIfe,taxes,2,1
683,punishment,0,prevent,1,195,R_7KvaDVuy5ZRLg6E,taxes,2,0
686,punishment,0,prevent,1,268,R_50o0Tk5LreEg64U,taxes,2,0
710,punishment,0,prevent,1,217,R_1VJDjr5nXyKcsnf,taxes,2,0
725,punishment,0,prevent,1,244,R_7SQaQh3C5aieKtz,taxes,2,1
737,punishment,0,prevent,1,163,R_7r1cevEioacLD4Q,taxes,2,0
743,punishment,0,prevent,1,361,R_3uRUx6Tc4QGUgVz,taxes,2,1
746,punishment,0,prevent,1,400,R_6DGQ8iH55EewWfq,taxes,2,1
758,punishment,0,prevent,1,55,R_5mUljPg6avQFT1u,taxes,2,0
770,punishment,0,prevent,1,156,R_1N3U58kDAdTEEu6,taxes,2,0
776,punishment,0,prevent,1,70,R_5WYx1MjJ2kU3Kav,taxes,2,1
779,punishment,0,prevent,1,190,R_73g0mxPy13HYNTj,taxes,2,0
788,punishment,0,prevent,1,55,R_5QX56TiMfYKVgoF,taxes,2,0
791,punishment,0,prevent,1,170,R_1QfhC29R883hpM7,taxes,2,0
812,punishment,0,prevent,1,116,R_3vC7SPVkQYEIX4d,taxes,2,0
851,punishment,0,prevent,1,234,R_16bgreuUBysFACN,taxes,2,0
893,punishment,0,prevent,1,216,R_1VO9l3gOq3FPRcl,taxes,2,0
914,punishment,0,prevent,1,183,R_1VyF6SrXbtYszwB,taxes,2,1
941,punishment,0,prevent,1,249,R_6Lu3ENMqRnedwzn,taxes,2,0
947,punishment,0,prevent,1,728,R_7WuR7qH0DzUJqT1,taxes,2,0
950,punishment,0,prevent,1,99,R_3Q0AFmsblizKGwo,taxes,2,1
977,punishment,0,prevent,1,143,R_11hhzmZbJN8sJKI,taxes,2,1
998,punishment,0,prevent,1,56,R_3Bm7tDHauRHMleF,taxes,2,0
1004,punishment,0,prevent,1,206,R_34w84KosOQI5kLa,taxes,2,0
1013,punishment,0,prevent,1,171,R_62na57446d66nQ6,taxes,2,0
1055,punishment,0,prevent,1,260,R_5mqJgb38PEWlwf7,taxes,2,1
1058,punishment,0,prevent,1,156,R_7wuw8t4NIkIwWxq,taxes,2,1
1076,punishment,0,prevent,1,144,R_7mh3gmSSOa2wHt9,taxes,2,1
1085,punishment,0,prevent,1,227,R_1JJGPWHlw55OpPM,taxes,2,0
1088,punishment,0,prevent,1,255,R_7x3eu7iJlM22Vwt,taxes,2,1
1106,punishment,0,prevent,1,144,R_39tsCdJ6RmzdOWf,taxes,2,0
1124,punishment,0,prevent,1,115,R_7LFf8dR7q9jgDhr,taxes,2,0
1139,punishment,0,prevent,1,131,R_3S8HvQdyASC8wUx,taxes,2,0
1151,punishment,0,prevent,1,373,R_6nT9f05WUOtHXX7,taxes,2,1
1184,punishment,0,prevent,1,174,R_7bJdZdiAxYCevTo,taxes,2,0
1193,punishment,0,prevent,1,950,R_14VgoGWxn1kEv85,taxes,2,1
1199,punishment,0,prevent,1,344,R_6388KF0YoJiMe5V,taxes,2,1
1202,punishment,0,prevent,1,377,R_3EhcfiGS6QFT9eN,taxes,2,1
1208,punishment,0,prevent,1,225,R_10Tyjw2e77NFsrC,taxes,2,0
1220,punishment,0,prevent,1,202,R_6lLj3UM4Zaiaqa3,taxes,2,1
1226,punishment,0,prevent,1,69,R_3RjFnDFk8oTvcRg,taxes,2,1
1238,punishment,0,prevent,1,664,R_3DMiHkTSTJLBCJH,taxes,2,1
1250,punishment,0,prevent,1,147,R_61BPKdTZeebvhXb,taxes,2,1
1259,punishment,0,prevent,1,217,R_3I9MSrEh5Qbcq0H,taxes,2,1
1265,punishment,0,prevent,1,168,R_5EKADpsCKRVqizA,taxes,2,0
1274,punishment,0,prevent,1,112,R_7YLiwmyHIWl3J6E,taxes,2,0
1277,punishment,0,prevent,1,1005,R_5GMtjS7ebKoYn2p,taxes,2,0
1313,punishment,0,prevent,1,88,R_5Lmy9uCrzR1whUd,taxes,2,1
1325,punishment,0,prevent,1,193,R_1PYRFgrSq9Wdazz,taxes,2,1
1328,punishment,0,prevent,1,102,R_5pK7QrndwWrQJvW,taxes,2,0
1343,punishment,0,prevent,1,311,R_34kgnm36O51Krjb,taxes,2,1
1388,punishment,0,prevent,1,277,R_7fxlSnmgAXNMlRb,taxes,2,1
11,reward,1,prevent,1,190,R_6GJKf561CaLxWCc,taxes,2,1
14,reward,1,prevent,1,169,R_6igDR3KxzmLUhzz,taxes,2,
47,reward,1,prevent,1,242,R_5XCxfwvWeDgoCtj,taxes,2,0
59,reward,1,prevent,1,141,R_1byYDUE7i6mb693,taxes,2,1
74,reward,1,prevent,1,236,R_1o59aEgGFnUMBY2,taxes,2,0
98,reward,1,prevent,1,85,R_6q8DJWgDlU8YUte,taxes,2,0
101,reward,1,prevent,1,99,R_6fSKeZnPQj0T4Sj,taxes,2,0
107,reward,1,prevent,1,495,R_62f0PB6cHEhtUeo,taxes,2,0
113,reward,1,prevent,1,251,R_51z6Kt6PYc05B1m,taxes,2,1
116,reward,1,prevent,1,213,R_7bADyqAb7JDKeIh,taxes,2,0
131,reward,1,prevent,1,273,R_1iEitFpVQvNQf9k,taxes,2,1
140,reward,1,prevent,1,139,R_6cYDckudwshLn2x,taxes,2,1
149,reward,1,prevent,1,5541,R_68Mb0HYkggZ6grk,taxes,2,1
167,reward,1,prevent,1,190,R_3KHoATcBPdLgW8P,taxes,2,0
194,reward,1,prevent,1,234,R_7J3MSvNlUs3RqVi,taxes,2,0
203,reward,1,prevent,1,174,R_50YiLVHEGVyEOCV,taxes,2,1
218,reward,1,prevent,1,174,R_31TymOkfE2PHQPr,taxes,2,1
227,reward,1,prevent,1,54,R_5noBIPBXZp2g8GY,taxes,2,0
233,reward,1,prevent,1,98,R_6104eZfoC0CNkVV,taxes,2,0
245,reward,1,prevent,1,127,R_5CJx3cdGAlVviDD,taxes,2,1
263,reward,1,prevent,1,140,R_3rjDCchjKqeMreX,taxes,2,1
269,reward,1,prevent,1,929,R_64kH3yooLbKE2uF,taxes,2,1
293,reward,1,prevent,1,117,R_5dLhRbSY5rCVGhv,taxes,2,1
299,reward,1,prevent,1,211,R_7SfdSG1lMzjMqt6,taxes,2,1
308,reward,1,prevent,1,121,R_5Ht7I0YFU0WnIlT,taxes,2,0
335,reward,1,prevent,1,110,R_71uc1RpYz6M5fLg,taxes,2,1
347,reward,1,prevent,1,1262,R_72VN9ywqzulvDjW,taxes,2,1
356,reward,1,prevent,1,148,R_7af9f3LsY3PnNI2,taxes,2,0
362,reward,1,prevent,1,310,R_5TZcCRHUX4VkY4j,taxes,2,0
368,reward,1,prevent,1,60,R_7y9KPvtxed2wlMH,taxes,2,0
380,reward,1,prevent,1,326,R_7a9A4TO3VLo6KMD,taxes,2,1
392,reward,1,prevent,1,123,R_1sBTy9cC9j516MG,taxes,2,1
401,reward,1,prevent,1,166,R_6ikUVYWGozuHdU5,taxes,2,0
407,reward,1,prevent,1,147,R_1zZtPujh4wrLgLj,taxes,2,0
413,reward,1,prevent,1,325,R_3INaxDEKcNjTMgX,taxes,2,0
416,reward,1,prevent,1,243,R_18HfaGFb5oyISRe,taxes,2,0
464,reward,1,prevent,1,311,R_1EX52lbKHCltym0,taxes,2,0
467,reward,1,prevent,1,116,R_12ob0IsDvnLnH8V,taxes,2,0
488,reward,1,prevent,1,73,R_5uCfdSlJ4stM8r8,taxes,2,1
494,reward,1,prevent,1,165,R_1gJlvmVGu5jUlAR,taxes,2,0
506,reward,1,prevent,1,410,R_3P6dbrebRkYwpQL,taxes,2,1
512,reward,1,prevent,1,121,R_3jPwWotHGnU1yCx,taxes,2,0
515,reward,1,prevent,1,191,R_3HvLL8uCLy3evUp,taxes,2,
521,reward,1,prevent,1,262,R_1ER6gYbJRtL1dL1,taxes,2,1
554,reward,1,prevent,1,156,R_3SMPHcHl6r6lEQ1,taxes,2,1
560,reward,1,prevent,1,4219,R_3AmjBZRsIYybNLz,taxes,2,0
569,reward,1,prevent,1,101,R_7LYgC9CArIsLOKa,taxes,2,0
575,reward,1,prevent,1,125,R_5aJ0Hye6Ekoqnpl,taxes,2,0
593,reward,1,prevent,1,196,R_1DwDDUrB8LIz1js,taxes,2,0
638,reward,1,prevent,1,242,R_3ZE06H3nxlF8w0H,taxes,2,0
644,reward,1,prevent,1,275,R_1N3XRxXM7Y9XpLY,taxes,2,1
656,reward,1,prevent,1,89,R_3DTY7VdQZYQlxFv,taxes,2,1
671,reward,1,prevent,1,330,R_1aDEJIk1VKzLd6N,taxes,2,0
689,reward,1,prevent,1,149,R_1pr3NrRYuRr5QiQ,taxes,2,0
698,reward,1,prevent,1,238,R_7MsMu2YUQPt4NQ3,taxes,2,1
701,reward,1,prevent,1,109,R_5eLdiig2kPEzJ7E,taxes,2,1
716,reward,1,prevent,1,469,R_3ozNitKPfWDgRgb,taxes,2,1
722,reward,1,prevent,1,332,R_6BRwdv6qt4RgHti,taxes,2,1
728,reward,1,prevent,1,125,R_3eR0dvZG1HQl4ZD,taxes,2,0
761,reward,1,prevent,1,345,R_5bBDOTohQCLiYet,taxes,2,0
800,reward,1,prevent,1,123,R_3XhbnGQXC9S2Xce,taxes,2,0
806,reward,1,prevent,1,46,R_6EGpudpK1tQllcX,taxes,2,1
815,reward,1,prevent,1,95,R_3QGCziiXUfTSxKY,taxes,2,1
821,reward,1,prevent,1,165,R_5qNDYT8Us1iIEVS,taxes,2,0
830,reward,1,prevent,1,70,R_5GEcR0PnoZsbsZ8,taxes,2,0
833,reward,1,prevent,1,136,R_7fIIOoJxpyKq67T,taxes,2,1
836,reward,1,prevent,1,158,R_5QM39HXdY2EPDnX,taxes,2,0
845,reward,1,prevent,1,111,R_5dvkUomGCEBFTF2,taxes,2,0
854,reward,1,prevent,1,165,R_6rA4RKmMOmyQOv7,taxes,2,0
857,reward,1,prevent,1,60,R_5fx1GFwwxgjFNB7,taxes,2,
869,reward,1,prevent,1,240,R_6DhwVlZSrhQJeIV,taxes,2,1
875,reward,1,prevent,1,141,R_6FG7sBY2XCh8gDk,taxes,2,1
881,reward,1,prevent,1,298,R_3QloETFZhdabBcu,taxes,2,0
887,reward,1,prevent,1,76,R_7G6AFiC43q5A7oI,taxes,2,1
896,reward,1,prevent,1,118,R_1jHfC8PuviiNOvL,taxes,2,
902,reward,1,prevent,1,124,R_1UYGf59cn663KmO,taxes,2,0
908,reward,1,prevent,1,180,R_6matOBAhcmzs2mB,taxes,2,0
923,reward,1,prevent,1,2185,R_16UbbpUaBvEFumJ,taxes,2,1
926,reward,1,prevent,1,38,R_51jPltV4QGjZgiA,taxes,2,1
935,reward,1,prevent,1,108,R_6anse9oIogKApFO,taxes,2,1
959,reward,1,prevent,1,126,R_782cPG5HInhGvvP,taxes,2,0
965,reward,1,prevent,1,76,R_3pX85oxO6XYwMla,taxes,2,1
971,reward,1,prevent,1,178,R_5uO3rEJNw8J7J30,taxes,2,1
980,reward,1,prevent,1,25,R_1duMSj3VwmCLmPT,taxes,2,0
986,reward,1,prevent,1,149,R_3VEby7CSrzJZK5L,taxes,2,1
992,reward,1,prevent,1,278,R_3eRwgIHtWgCBEkN,taxes,2,0
1019,reward,1,prevent,1,177,R_1PvDNCANInTXxtL,taxes,2,1
1025,reward,1,prevent,1,150,R_6F2ve0O1Tluwn3O,taxes,2,1
1031,reward,1,prevent,1,318,R_6Du41Z8xLDP9044,taxes,2,0
1037,reward,1,prevent,1,116,R_1vLcAmibR6vzpOV,taxes,2,1
1040,reward,1,prevent,1,150,R_3YyUCnwK3TRoUwY,taxes,2,1
1046,reward,1,prevent,1,449,R_5u2ZQQKN2XHMTRf,taxes,2,1
1067,reward,1,prevent,1,276,R_5B6e0aeq95TOF1L,taxes,2,1
1073,reward,1,prevent,1,181,R_1ilqUgdpV2CR1m1,taxes,2,1
1094,reward,1,prevent,1,164,R_3b0Ey0PyBIxcP20,taxes,2,1
1103,reward,1,prevent,1,173,R_7UYiEDYlkXX6De7,taxes,2,1
1115,reward,1,prevent,1,158,R_1lqj5GG3J6E6QqB,taxes,2,0
1118,reward,1,prevent,1,212,R_7ZrBXV6kOIb4Spr,taxes,2,1
1133,reward,1,prevent,1,403,R_13elPykTkYjrVAT,taxes,2,1
1145,reward,1,prevent,1,121,R_1HT8QxbeNZWc76u,taxes,2,0
1157,reward,1,prevent,1,249,R_6bTauVCtENZJd2p,taxes,2,1
1160,reward,1,prevent,1,105,R_3sYZlThEH0aIdkD,taxes,2,0
1166,reward,1,prevent,1,165,R_5qR9FH62g3yfSqB,taxes,2,0
1172,reward,1,prevent,1,133,R_1CyKgU7GZcDo1Dk,taxes,2,1
1181,reward,1,prevent,1,124,R_5M3D89vCwAUS22l,taxes,2,0
1217,reward,1,prevent,1,117,R_7dKXm2fJ8bBlbWi,taxes,2,1
1232,reward,1,prevent,1,398,R_70TVOpTf9oAI2vX,taxes,2,0
1247,reward,1,prevent,1,216,R_6ey5mZZ2AlojIcX,taxes,2,0
1280,reward,1,prevent,1,409,R_6nlFwrEUhchf2pz,taxes,2,1
1286,reward,1,prevent,1,110,R_6MKfgiyQ5IMvUIK,taxes,2,0
1295,reward,1,prevent,1,269,R_3hgOxVBTwK7pOyX,taxes,2,1
1301,reward,1,prevent,1,93,R_5QzKfOIwMVFLHoH,taxes,2,1
1304,reward,1,prevent,1,171,R_7Uht8QDejh10qmB,taxes,2,1
1319,reward,1,prevent,1,143,R_62lYn1jlAFTaSXK,taxes,2,1
1334,reward,1,prevent,1,151,R_6YS3lMBYoMgODcu,taxes,2,0
1346,reward,1,prevent,1,405,R_5iIPU3kFL1G9doH,taxes,2,0
1352,reward,1,prevent,1,161,R_5tu1Mga1iZbdqLk,taxes,2,1
1358,reward,1,prevent,1,142,R_3hx6s02EgYLeT73,taxes,2,1
1367,reward,1,prevent,1,247,R_61cuOmDllUd6P9r,taxes,2,1
1370,reward,1,prevent,1,85,R_3EohnfBk1iiiuvt,taxes,2,1
1376,reward,1,prevent,1,182,R_7SoDCGxZgJZmkGi,taxes,2,1
1382,reward,1,prevent,1,147,R_3lltqvzAtZE21Pz,taxes,2,0